{"timestamp": "2026-06-29T03:05:18.522440", "level": "INFO", "logger": "kitchen_ai", "message": "Logging initialized with level INFO"}
{"timestamp": "2026-06-29T03:05:49.490850", "level": "INFO", "logger": "kitchen_ai", "message": "Logging initialized with level INFO"}
{"timestamp": "2026-06-29T03:07:06.725363", "level": "INFO", "logger": "kitchen_ai", "message": "Logging initialized with level INFO"}
{"timestamp": "2026-06-29T03:07:40.932587", "level": "INFO", "logger": "kitchen_ai", "message": "Logging initialized with level INFO"}
{"timestamp": "2026-06-29T03:57:00.628240", "level": "INFO", "logger": "kitchen_ai", "message": "Logging initialized with level INFO"}
{"timestamp": "2026-06-29T04:02:02.311904", "level": "INFO", "logger": "kitchen_ai", "message": "Logging initialized with level INFO"}
{"timestamp": "2026-06-29T04:02:06.829093", "level": "INFO", "logger": "kitchen_ai", "message": "Logging initialized with level INFO"}
{"timestamp": "2026-06-29T04:03:38.823354", "level": "INFO", "logger": "kitchen_ai", "message": "Logging initialized with level INFO"}
{"timestamp": "2026-06-29T04:11:13.955115", "level": "INFO", "logger": "kitchen_ai", "message": "Logging initialized with level INFO"}
{"timestamp": "2026-06-29T04:11:22.159913", "level": "INFO", "logger": "kitchen_ai", "message": "Logging initialized with level INFO"}
{"timestamp": "2026-06-29T04:14:50.158597", "level": "INFO", "logger": "app.main", "message": "Request processed in 0.0843 seconds: GET /health"}
{"timestamp": "2026-06-29T04:19:30.030573", "level": "INFO", "logger": "app.main", "message": "Request processed in 0.0250 seconds: GET /docs"}
{"timestamp": "2026-06-29T04:19:30.092751", "level": "INFO", "logger": "app.main", "message": "Request processed in 0.0143 seconds: GET /api/chat"}
{"timestamp": "2026-06-29T04:19:30.124681", "level": "INFO", "logger": "app.main", "message": "Request processed in 0.0010 seconds: GET /api/recommendations/products"}
{"timestamp": "2026-06-29T04:19:30.129813", "level": "INFO", "logger": "app.main", "message": "Request processed in 0.0000 seconds: GET /api/recipes"}
{"timestamp": "2026-06-29T04:22:37.224597", "level": "INFO", "logger": "app.utils.db_connector", "message": "Connected to MongoDB database: kitchen_ecommerce"}
{"timestamp": "2026-06-29T04:22:37.267382", "level": "ERROR", "logger": "app.models.chat_model", "message": "Failed to initialize chat model: 'NoneType' object has no attribute 'from_pretrained'"}
{"timestamp": "2026-06-29T04:22:37.268380", "level": "ERROR", "logger": "app.api.chat", "message": "Error processing chat message: 'NoneType' object has no attribute 'from_pretrained'"}
{"timestamp": "2026-06-29T04:22:37.275360", "level": "INFO", "logger": "app.main", "message": "Request processed in 1.7017 seconds: POST /api/chat/message"}
{"timestamp": "2026-06-29T04:22:39.514723", "level": "INFO", "logger": "app.main", "message": "Request processed in 0.0068 seconds: GET /health"}
{"timestamp": "2026-06-29T04:22:39.539237", "level": "INFO", "logger": "app.main", "message": "Request processed in 0.0013 seconds: GET /docs"}
{"timestamp": "2026-06-29T04:22:39.555217", "level": "INFO", "logger": "app.main", "message": "Request processed in 0.0016 seconds: POST /api/chat"}
{"timestamp": "2026-06-29T04:22:39.558241", "level": "INFO", "logger": "app.main", "message": "Request processed in 0.0000 seconds: GET /api/recommendations/products"}
{"timestamp": "2026-06-29T04:22:39.560539", "level": "INFO", "logger": "app.main", "message": "Request processed in 0.0013 seconds: GET /api/recipes"}
{"timestamp": "2026-06-29T04:22:39.564503", "level": "INFO", "logger": "app.main", "message": "Request processed in 0.0000 seconds: POST /api/behavior/log"}
{"timestamp": "2026-06-29T04:23:39.171759", "level": "INFO", "logger": "app.main", "message": "Request processed in 0.5061 seconds: GET /openapi.json"}
{"timestamp": "2026-06-29T04:27:18.298107", "level": "INFO", "logger": "kitchen_ai", "message": "Logging initialized with level INFO"}
{"timestamp": "2026-06-29T04:27:37.188359", "level": "INFO", "logger": "kitchen_ai", "message": "Logging initialized with level INFO"}
{"timestamp": "2026-06-29T04:27:39.574203", "level": "INFO", "logger": "app.utils.db_connector", "message": "Connected to MongoDB database: kitchen_ecommerce"}
{"timestamp": "2026-06-29T04:27:39.578571", "level": "ERROR", "logger": "app.models.chat_model", "message": "Failed to initialize chat model: 'NoneType' object has no attribute 'from_pretrained'"}
{"timestamp": "2026-06-29T04:27:39.580270", "level": "ERROR", "logger": "app.api.chat", "message": "Error processing chat message: 'NoneType' object has no attribute 'from_pretrained'"}
{"timestamp": "2026-06-29T04:27:39.583341", "level": "INFO", "logger": "app.main", "message": "Request processed in 0.1249 seconds: POST /api/chat/message"}
{"timestamp": "2026-06-29T04:27:39.591163", "level": "INFO", "logger": "app.main", "message": "Request processed in 0.0010 seconds: GET /api/recommendations/products"}
{"timestamp": "2026-06-29T04:27:39.740023", "level": "INFO", "logger": "app.main", "message": "Request processed in 0.1439 seconds: GET /api/recipes/popular"}
{"timestamp": "2026-06-29T04:28:54.451988", "level": "ERROR", "logger": "app.models.chat_model", "message": "Failed to initialize chat model: 'NoneType' object has no attribute 'from_pretrained'"}
{"timestamp": "2026-06-29T04:28:54.454905", "level": "ERROR", "logger": "app.api.chat", "message": "Error processing chat message: 'NoneType' object has no attribute 'from_pretrained'"}
{"timestamp": "2026-06-29T04:28:54.483072", "level": "INFO", "logger": "app.main", "message": "Request processed in 3.2546 seconds: POST /api/chat/message"}
{"timestamp": "2026-06-29T04:28:54.719192", "level": "ERROR", "logger": "app.models.product_embedding", "message": "Failed to initialize product embedding model: 'NoneType' object has no attribute 'from_pretrained'"}
{"timestamp": "2026-06-29T04:28:54.722853", "level": "ERROR", "logger": "app.models.recommendation", "message": "Failed to initialize recommendation engine: 'NoneType' object has no attribute 'from_pretrained'"}
{"timestamp": "2026-06-29T04:28:54.724209", "level": "ERROR", "logger": "app.api.product_recommendation", "message": "Error generating product recommendations: 'NoneType' object has no attribute 'from_pretrained'"}
{"timestamp": "2026-06-29T04:28:54.725666", "level": "INFO", "logger": "app.main", "message": "Request processed in 0.2015 seconds: POST /api/recommendations/products"}
{"timestamp": "2026-06-29T04:32:12.668452", "level": "INFO", "logger": "kitchen_ai", "message": "Logging initialized with level INFO"}
{"timestamp": "2026-06-29T04:32:27.531391", "level": "INFO", "logger": "kitchen_ai", "message": "Logging initialized with level INFO"}
{"timestamp": "2026-06-29T04:32:30.081047", "level": "INFO", "logger": "app.utils.db_connector", "message": "Connected to MongoDB database: kitchen_ecommerce"}
{"timestamp": "2026-06-29T04:32:30.089191", "level": "WARNING", "logger": "app.models.chat_model", "message": "torch/transformers not available \u2014 using rule-based fallback only"}
{"timestamp": "2026-06-29T04:32:30.094400", "level": "INFO", "logger": "app.models.chat_model", "message": "Chat model initialized successfully"}
{"timestamp": "2026-06-29T04:32:30.099393", "level": "ERROR", "logger": "app.api.chat", "message": "Error processing chat message: 'NoneType' object has no attribute 'random'"}
{"timestamp": "2026-06-29T04:32:30.101473", "level": "INFO", "logger": "app.main", "message": "Request processed in 0.1118 seconds: POST /api/chat/message"}
{"timestamp": "2026-06-29T04:32:30.112295", "level": "WARNING", "logger": "app.models.product_embedding", "message": "torch/transformers not available \u2014 embedding model using fallback"}
{"timestamp": "2026-06-29T04:32:30.113738", "level": "INFO", "logger": "app.models.product_embedding", "message": "Product embedding model initialized successfully"}
{"timestamp": "2026-06-29T04:32:30.115015", "level": "INFO", "logger": "app.models.recommendation", "message": "No cached product embeddings found, starting with empty embeddings"}
{"timestamp": "2026-06-29T04:32:30.117457", "level": "INFO", "logger": "app.models.recommendation", "message": "No cached user embeddings found, starting with empty embeddings"}
{"timestamp": "2026-06-29T04:32:30.118504", "level": "INFO", "logger": "app.models.recommendation", "message": "Embeddings need to be updated"}
{"timestamp": "2026-06-29T04:32:30.119507", "level": "INFO", "logger": "app.models.recommendation", "message": "No cached product embeddings found, starting with empty embeddings"}
{"timestamp": "2026-06-29T04:32:30.121515", "level": "INFO", "logger": "app.models.recommendation", "message": "No cached user embeddings found, starting with empty embeddings"}
{"timestamp": "2026-06-29T04:32:30.123506", "level": "INFO", "logger": "app.models.recommendation", "message": "Embeddings need to be updated"}
{"timestamp": "2026-06-29T04:32:30.124495", "level": "INFO", "logger": "app.models.recommendation", "message": "No cached product embeddings found, starting with empty embeddings"}
{"timestamp": "2026-06-29T04:32:30.125499", "level": "INFO", "logger": "app.models.recommendation", "message": "No cached user embeddings found, starting with empty embeddings"}
{"timestamp": "2026-06-29T04:32:30.127487", "level": "INFO", "logger": "app.models.recommendation", "message": "Embeddings need to be updated"}
{"timestamp": "2026-06-29T04:32:30.128485", "level": "INFO", "logger": "app.models.recommendation", "message": "No cached product embeddings found, starting with empty embeddings"}
{"timestamp": "2026-06-29T04:32:30.129480", "level": "INFO", "logger": "app.models.recommendation", "message": "No cached user embeddings found, starting with empty embeddings"}
{"timestamp": "2026-06-29T04:32:30.130477", "level": "INFO", "logger": "app.models.recommendation", "message": "Embeddings need to be updated"}
{"timestamp": "2026-06-29T04:32:30.131703", "level": "INFO", "logger": "app.models.recommendation", "message": "No cached product embeddings found, starting with empty embeddings"}
{"timestamp": "2026-06-29T04:32:30.133728", "level": "INFO", "logger": "app.models.recommendation", "message": "No cached user embeddings found, starting with empty embeddings"}
{"timestamp": "2026-06-29T04:32:30.134810", "level": "INFO", "logger": "app.models.recommendation", "message": "Embeddings need to be updated"}
{"timestamp": "2026-06-29T04:32:30.137798", "level": "INFO", "logger": "app.models.recommendation", "message": "No cached product embeddings found, starting with empty embeddings"}
{"timestamp": "2026-06-29T04:32:30.138995", "level": "INFO", "logger": "app.models.recommendation", "message": "No cached user embeddings found, starting with empty embeddings"}
{"timestamp": "2026-06-29T04:32:30.140072", "level": "INFO", "logger": "app.models.recommendation", "message": "Embeddings need to be updated"}
{"timestamp": "2026-06-29T04:32:30.141431", "level": "INFO", "logger": "app.models.recommendation", "message": "No cached product embeddings found, starting with empty embeddings"}
{"timestamp": "2026-06-29T04:32:30.142558", "level": "INFO", "logger": "app.models.recommendation", "message": "No cached user embeddings found, starting with empty embeddings"}
{"timestamp": "2026-06-29T04:32:30.143853", "level": "INFO", "logger": "app.models.recommendation", "message": "Embeddings need to be updated"}
{"timestamp": "2026-06-29T04:32:30.144938", "level": "INFO", "logger": "app.models.recommendation", "message": "No cached product embeddings found, starting with empty embeddings"}
{"timestamp": "2026-06-29T04:32:30.144938", "level": "INFO", "logger": "app.models.recommendation", "message": "No cached user embeddings found, starting with empty embeddings"}
{"timestamp": "2026-06-29T04:32:30.146049", "level": "INFO", "logger": "app.models.recommendation", "message": "Embeddings need to be updated"}
{"timestamp": "2026-06-29T04:32:30.147272", "level": "INFO", "logger": "app.models.recommendation", "message": "No cached product embeddings found, starting with empty embeddings"}
{"timestamp": "2026-06-29T04:32:30.148269", "level": "INFO", "logger": "app.models.recommendation", "message": "No cached user embeddings found, starting with empty embeddings"}
{"timestamp": "2026-06-29T04:32:30.149557", "level": "INFO", "logger": "app.models.recommendation", "message": "Embeddings need to be updated"}
{"timestamp": "2026-06-29T04:32:30.150661", "level": "INFO", "logger": "app.models.recommendation", "message": "No cached product embeddings found, starting with empty embeddings"}
{"timestamp": "2026-06-29T04:32:30.152872", "level": "INFO", "logger": "app.models.recommendation", "message": "No cached user embeddings found, starting with empty embeddings"}
{"timestamp": "2026-06-29T04:32:30.154032", "level": "INFO", "logger": "app.models.recommendation", "message": "Embeddings need to be updated"}
{"timestamp": "2026-06-29T04:32:30.157036", "level": "INFO", "logger": "app.models.recommendation", "message": "No cached product embeddings found, starting with empty embeddings"}
{"timestamp": "2026-06-29T04:32:30.158034", "level": "INFO", "logger": "app.models.recommendation", "message": "No cached user embeddings found, starting with empty embeddings"}
{"timestamp": "2026-06-29T04:32:30.159030", "level": "INFO", "logger": "app.models.recommendation", "message": "Embeddings need to be updated"}
{"timestamp": "2026-06-29T04:32:30.160027", "level": "INFO", "logger": "app.models.recommendation", "message": "No cached product embeddings found, starting with empty embeddings"}
{"timestamp": "2026-06-29T04:32:30.161515", "level": "INFO", "logger": "app.models.recommendation", "message": "No cached user embeddings found, starting with empty embeddings"}
{"timestamp": "2026-06-29T04:32:30.162871", "level": "INFO", "logger": "app.models.recommendation", "message": "Embeddings need to be updated"}
{"timestamp": "2026-06-29T04:32:30.163869", "level": "INFO", "logger": "app.models.recommendation", "message": "No cached product embeddings found, starting with empty embeddings"}
{"timestamp": "2026-06-29T04:32:30.164874", "level": "INFO", "logger": "app.models.recommendation", "message": "No cached user embeddings found, starting with empty embeddings"}
{"timestamp": "2026-06-29T04:32:30.166413", "level": "INFO", "logger": "app.models.recommendation", "message": "Embeddings need to be updated"}
{"timestamp": "2026-06-29T04:32:30.167846", "level": "INFO", "logger": "app.models.recommendation", "message": "No cached product embeddings found, starting with empty embeddings"}
{"timestamp": "2026-06-29T04:32:30.169356", "level": "INFO", "logger": "app.models.recommendation", "message": "No cached user embeddings found, starting with empty embeddings"}
{"timestamp": "2026-06-29T04:32:30.170867", "level": "INFO", "logger": "app.models.recommendation", "message": "Embeddings need to be updated"}
{"timestamp": "2026-06-29T04:32:30.173864", "level": "INFO", "logger": "app.models.recommendation", "message": "No cached product embeddings found, starting with empty embeddings"}
{"timestamp": "2026-06-29T04:32:30.174925", "level": "INFO", "logger": "app.models.recommendation", "message": "No cached user embeddings found, starting with empty embeddings"}
{"timestamp": "2026-06-29T04:32:30.175976", "level": "INFO", "logger": "app.models.recommendation", "message": "Embeddings need to be updated"}
{"timestamp": "2026-06-29T04:32:30.176979", "level": "INFO", "logger": "app.models.recommendation", "message": "No cached product embeddings found, starting with empty embeddings"}
{"timestamp": "2026-06-29T04:32:30.178969", "level": "INFO", "logger": "app.models.recommendation", "message": "No cached user embeddings found, starting with empty embeddings"}
{"timestamp": "2026-06-29T04:32:30.179966", "level": "INFO", "logger": "app.models.recommendation", "message": "Embeddings need to be updated"}
{"timestamp": "2026-06-29T04:32:30.181126", "level": "INFO", "logger": "app.models.recommendation", "message": "No cached product embeddings found, starting with empty embeddings"}
{"timestamp": "2026-06-29T04:32:30.182142", "level": "INFO", "logger": "app.models.recommendation", "message": "No cached user embeddings found, starting with empty embeddings"}
{"timestamp": "2026-06-29T04:32:30.182648", "level": "INFO", "logger": "app.models.recommendation", "message": "Embeddings need to be updated"}
{"timestamp": "2026-06-29T04:32:30.185487", "level": "INFO", "logger": "app.models.recommendation", "message": "No cached product embeddings found, starting with empty embeddings"}
{"timestamp": "2026-06-29T04:32:30.187992", "level": "INFO", "logger": "app.models.recommendation", "message": "No cached user embeddings found, starting with empty embeddings"}
{"timestamp": "2026-06-29T04:32:30.189988", "level": "INFO", "logger": "app.models.recommendation", "message": "Embeddings need to be updated"}
{"timestamp": "2026-06-29T04:32:30.191341", "level": "INFO", "logger": "app.models.recommendation", "message": "No cached product embeddings found, starting with empty embeddings"}
{"timestamp": "2026-06-29T04:32:30.193340", "level": "INFO", "logger": "app.models.recommendation", "message": "No cached user embeddings found, starting with empty embeddings"}
{"timestamp": "2026-06-29T04:32:30.194337", "level": "INFO", "logger": "app.models.recommendation", "message": "Embeddings need to be updated"}
{"timestamp": "2026-06-29T04:32:30.195590", "level": "INFO", "logger": "app.models.recommendation", "message": "No cached product embeddings found, starting with empty embeddings"}
{"timestamp": "2026-06-29T04:32:30.196921", "level": "INFO", "logger": "app.models.recommendation", "message": "No cached user embeddings found, starting with empty embeddings"}
{"timestamp": "2026-06-29T04:32:30.197923", "level": "INFO", "logger": "app.models.recommendation", "message": "Embeddings need to be updated"}
{"timestamp": "2026-06-29T04:32:30.199365", "level": "INFO", "logger": "app.models.recommendation", "message": "No cached product embeddings found, starting with empty embeddings"}
{"timestamp": "2026-06-29T04:32:30.200362", "level": "INFO", "logger": "app.models.recommendation", "message": "No cached user embeddings found, starting with empty embeddings"}
{"timestamp": "2026-06-29T04:32:30.201880", "level": "INFO", "logger": "app.models.recommendation", "message": "Embeddings need to be updated"}
{"timestamp": "2026-06-29T04:32:30.202886", "level": "INFO", "logger": "app.models.recommendation", "message": "No cached product embeddings found, starting with empty embeddings"}
{"timestamp": "2026-06-29T04:32:30.205272", "level": "INFO", "logger": "app.models.recommendation", "message": "No cached user embeddings found, starting with empty embeddings"}
{"timestamp": "2026-06-29T04:32:30.207868", "level": "INFO", "logger": "app.models.recommendation", "message": "Embeddings need to be updated"}
{"timestamp": "2026-06-29T04:32:30.208866", "level": "INFO", "logger": "app.models.recommendation", "message": "No cached product embeddings found, starting with empty embeddings"}
{"timestamp": "2026-06-29T04:32:30.209873", "level": "INFO", "logger": "app.models.recommendation", "message": "No cached user embeddings found, starting with empty embeddings"}
{"timestamp": "2026-06-29T04:32:30.210860", "level": "INFO", "logger": "app.models.recommendation", "message": "Embeddings need to be updated"}
{"timestamp": "2026-06-29T04:32:30.211858", "level": "INFO", "logger": "app.models.recommendation", "message": "No cached product embeddings found, starting with empty embeddings"}
{"timestamp": "2026-06-29T04:32:30.212855", "level": "INFO", "logger": "app.models.recommendation", "message": "No cached user embeddings found, starting with empty embeddings"}
{"timestamp": "2026-06-29T04:32:30.213979", "level": "INFO", "logger": "app.models.recommendation", "message": "Embeddings need to be updated"}
{"timestamp": "2026-06-29T04:32:30.215201", "level": "INFO", "logger": "app.models.recommendation", "message": "No cached product embeddings found, starting with empty embeddings"}
{"timestamp": "2026-06-29T04:32:30.216205", "level": "INFO", "logger": "app.models.recommendation", "message": "No cached user embeddings found, starting with empty embeddings"}
{"timestamp": "2026-06-29T04:32:30.218812", "level": "INFO", "logger": "app.models.recommendation", "message": "Embeddings need to be updated"}
{"timestamp": "2026-06-29T04:32:30.220362", "level": "INFO", "logger": "app.models.recommendation", "message": "No cached product embeddings found, starting with empty embeddings"}
{"timestamp": "2026-06-29T04:32:30.222904", "level": "INFO", "logger": "app.models.recommendation", "message": "No cached user embeddings found, starting with empty embeddings"}
{"timestamp": "2026-06-29T04:32:30.224036", "level": "INFO", "logger": "app.models.recommendation", "message": "Embeddings need to be updated"}
{"timestamp": "2026-06-29T04:32:30.225270", "level": "INFO", "logger": "app.models.recommendation", "message": "No cached product embeddings found, starting with empty embeddings"}
{"timestamp": "2026-06-29T04:32:30.226750", "level": "INFO", "logger": "app.models.recommendation", "message": "No cached user embeddings found, starting with empty embeddings"}
{"timestamp": "2026-06-29T04:32:30.227925", "level": "INFO", "logger": "app.models.recommendation", "message": "Embeddings need to be updated"}
{"timestamp": "2026-06-29T04:32:30.229439", "level": "INFO", "logger": "app.models.recommendation", "message": "No cached product embeddings found, starting with empty embeddings"}
{"timestamp": "2026-06-29T04:32:30.230454", "level": "INFO", "logger": "app.models.recommendation", "message": "No cached user embeddings found, starting with empty embeddings"}
{"timestamp": "2026-06-29T04:32:30.232454", "level": "INFO", "logger": "app.models.recommendation", "message": "Embeddings need to be updated"}
{"timestamp": "2026-06-29T04:32:30.233447", "level": "INFO", "logger": "app.models.recommendation", "message": "No cached product embeddings found, starting with empty embeddings"}
{"timestamp": "2026-06-29T04:32:30.235446", "level": "INFO", "logger": "app.models.recommendation", "message": "No cached user embeddings found, starting with empty embeddings"}
{"timestamp": "2026-06-29T04:32:30.238433", "level": "INFO", "logger": "app.models.recommendation", "message": "Embeddings need to be updated"}
{"timestamp": "2026-06-29T04:32:30.239943", "level": "INFO", "logger": "app.models.recommendation", "message": "No cached product embeddings found, starting with empty embeddings"}
{"timestamp": "2026-06-29T04:32:30.240944", "level": "INFO", "logger": "app.models.recommendation", "message": "No cached user embeddings found, starting with empty embeddings"}
{"timestamp": "2026-06-29T04:32:30.241942", "level": "INFO", "logger": "app.models.recommendation", "message": "Embeddings need to be updated"}
{"timestamp": "2026-06-29T04:32:30.242940", "level": "INFO", "logger": "app.models.recommendation", "message": "No cached product embeddings found, starting with empty embeddings"}
{"timestamp": "2026-06-29T04:32:30.243937", "level": "INFO", "logger": "app.models.recommendation", "message": "No cached user embeddings found, starting with empty embeddings"}
{"timestamp": "2026-06-29T04:32:30.244933", "level": "INFO", "logger": "app.models.recommendation", "message": "Embeddings need to be updated"}
{"timestamp": "2026-06-29T04:32:30.246929", "level": "INFO", "logger": "app.models.recommendation", "message": "No cached product embeddings found, starting with empty embeddings"}
{"timestamp": "2026-06-29T04:32:30.247926", "level": "INFO", "logger": "app.models.recommendation", "message": "No cached user embeddings found, starting with empty embeddings"}
{"timestamp": "2026-06-29T04:32:30.248923", "level": "INFO", "logger": "app.models.recommendation", "message": "Embeddings need to be updated"}
{"timestamp": "2026-06-29T04:32:30.249920", "level": "INFO", "logger": "app.models.recommendation", "message": "No cached product embeddings found, starting with empty embeddings"}
{"timestamp": "2026-06-29T04:32:30.251915", "level": "INFO", "logger": "app.models.recommendation", "message": "No cached user embeddings found, starting with empty embeddings"}
{"timestamp": "2026-06-29T04:32:30.253913", "level": "INFO", "logger": "app.models.recommendation", "message": "Embeddings need to be updated"}
{"timestamp": "2026-06-29T04:32:30.255957", "level": "INFO", "logger": "app.models.recommendation", "message": "No cached product embeddings found, starting with empty embeddings"}
{"timestamp": "2026-06-29T04:32:30.256952", "level": "INFO", "logger": "app.models.recommendation", "message": "No cached user embeddings found, starting with empty embeddings"}
{"timestamp": "2026-06-29T04:32:30.258947", "level": "INFO", "logger": "app.models.recommendation", "message": "Embeddings need to be updated"}
{"timestamp": "2026-06-29T04:32:30.259944", "level": "INFO", "logger": "app.models.recommendation", "message": "No cached product embeddings found, starting with empty embeddings"}
{"timestamp": "2026-06-29T04:32:30.260942", "level": "INFO", "logger": "app.models.recommendation", "message": "No cached user embeddings found, starting with empty embeddings"}
{"timestamp": "2026-06-29T04:32:30.261939", "level": "INFO", "logger": "app.models.recommendation", "message": "Embeddings need to be updated"}
{"timestamp": "2026-06-29T04:32:30.262943", "level": "INFO", "logger": "app.models.recommendation", "message": "No cached product embeddings found, starting with empty embeddings"}
{"timestamp": "2026-06-29T04:32:30.264170", "level": "INFO", "logger": "app.models.recommendation", "message": "No cached user embeddings found, starting with empty embeddings"}
{"timestamp": "2026-06-29T04:32:30.265414", "level": "INFO", "logger": "app.models.recommendation", "message": "Embeddings need to be updated"}
{"timestamp": "2026-06-29T04:32:30.267616", "level": "INFO", "logger": "app.models.recommendation", "message": "No cached product embeddings found, starting with empty embeddings"}
{"timestamp": "2026-06-29T04:32:30.269125", "level": "INFO", "logger": "app.models.recommendation", "message": "No cached user embeddings found, starting with empty embeddings"}
{"timestamp": "2026-06-29T04:32:30.270636", "level": "INFO", "logger": "app.models.recommendation", "message": "Embeddings need to be updated"}
{"timestamp": "2026-06-29T04:32:30.271774", "level": "INFO", "logger": "app.models.recommendation", "message": "No cached product embeddings found, starting with empty embeddings"}
{"timestamp": "2026-06-29T04:32:30.274006", "level": "INFO", "logger": "app.models.recommendation", "message": "No cached user embeddings found, starting with empty embeddings"}
{"timestamp": "2026-06-29T04:32:30.276058", "level": "INFO", "logger": "app.models.recommendation", "message": "Embeddings need to be updated"}
{"timestamp": "2026-06-29T04:32:30.277055", "level": "INFO", "logger": "app.models.recommendation", "message": "No cached product embeddings found, starting with empty embeddings"}
{"timestamp": "2026-06-29T04:32:30.280324", "level": "INFO", "logger": "app.models.recommendation", "message": "No cached user embeddings found, starting with empty embeddings"}
{"timestamp": "2026-06-29T04:32:30.280832", "level": "INFO", "logger": "app.models.recommendation", "message": "Embeddings need to be updated"}
{"timestamp": "2026-06-29T04:32:30.281838", "level": "INFO", "logger": "app.models.recommendation", "message": "No cached product embeddings found, starting with empty embeddings"}
{"timestamp": "2026-06-29T04:32:30.283277", "level": "INFO", "logger": "app.models.recommendation", "message": "No cached user embeddings found, starting with empty embeddings"}
{"timestamp": "2026-06-29T04:32:30.285900", "level": "INFO", "logger": "app.models.recommendation", "message": "Embeddings need to be updated"}
{"timestamp": "2026-06-29T04:32:30.297813", "level": "INFO", "logger": "app.models.recommendation", "message": "No cached product embeddings found, starting with empty embeddings"}
{"timestamp": "2026-06-29T04:32:30.301052", "level": "INFO", "logger": "app.models.recommendation", "message": "No cached user embeddings found, starting with empty embeddings"}
{"timestamp": "2026-06-29T04:32:30.302667", "level": "INFO", "logger": "app.models.recommendation", "message": "Embeddings need to be updated"}
{"timestamp": "2026-06-29T04:32:30.303679", "level": "INFO", "logger": "app.models.recommendation", "message": "No cached product embeddings found, starting with empty embeddings"}
{"timestamp": "2026-06-29T04:32:30.306665", "level": "INFO", "logger": "app.models.recommendation", "message": "No cached user embeddings found, starting with empty embeddings"}
{"timestamp": "2026-06-29T04:32:30.307773", "level": "INFO", "logger": "app.models.recommendation", "message": "Embeddings need to be updated"}
{"timestamp": "2026-06-29T04:32:30.308777", "level": "INFO", "logger": "app.models.recommendation", "message": "No cached product embeddings found, starting with empty embeddings"}
{"timestamp": "2026-06-29T04:32:30.310130", "level": "INFO", "logger": "app.models.recommendation", "message": "No cached user embeddings found, starting with empty embeddings"}
{"timestamp": "2026-06-29T04:32:30.311155", "level": "INFO", "logger": "app.models.recommendation", "message": "Embeddings need to be updated"}
{"timestamp": "2026-06-29T04:32:30.312152", "level": "INFO", "logger": "app.models.recommendation", "message": "No cached product embeddings found, starting with empty embeddings"}
{"timestamp": "2026-06-29T04:32:30.313662", "level": "INFO", "logger": "app.models.recommendation", "message": "No cached user embeddings found, starting with empty embeddings"}
{"timestamp": "2026-06-29T04:32:30.314664", "level": "INFO", "logger": "app.models.recommendation", "message": "Embeddings need to be updated"}
{"timestamp": "2026-06-29T04:32:30.315980", "level": "INFO", "logger": "app.models.recommendation", "message": "No cached product embeddings found, starting with empty embeddings"}
{"timestamp": "2026-06-29T04:32:30.317016", "level": "INFO", "logger": "app.models.recommendation", "message": "No cached user embeddings found, starting with empty embeddings"}
{"timestamp": "2026-06-29T04:32:30.318422", "level": "INFO", "logger": "app.models.recommendation", "message": "Embeddings need to be updated"}
{"timestamp": "2026-06-29T04:32:30.319609", "level": "INFO", "logger": "app.models.recommendation", "message": "No cached product embeddings found, starting with empty embeddings"}
{"timestamp": "2026-06-29T04:32:30.322087", "level": "INFO", "logger": "app.models.recommendation", "message": "No cached user embeddings found, starting with empty embeddings"}
{"timestamp": "2026-06-29T04:32:30.324023", "level": "INFO", "logger": "app.models.recommendation", "message": "Embeddings need to be updated"}
{"timestamp": "2026-06-29T04:32:30.325183", "level": "INFO", "logger": "app.models.recommendation", "message": "No cached product embeddings found, starting with empty embeddings"}
{"timestamp": "2026-06-29T04:32:30.325183", "level": "INFO", "logger": "app.models.recommendation", "message": "No cached user embeddings found, starting with empty embeddings"}
{"timestamp": "2026-06-29T04:32:30.327596", "level": "INFO", "logger": "app.models.recommendation", "message": "Embeddings need to be updated"}
{"timestamp": "2026-06-29T04:32:30.328609", "level": "INFO", "logger": "app.models.recommendation", "message": "No cached product embeddings found, starting with empty embeddings"}
{"timestamp": "2026-06-29T04:32:30.329614", "level": "INFO", "logger": "app.models.recommendation", "message": "No cached user embeddings found, starting with empty embeddings"}
{"timestamp": "2026-06-29T04:32:30.330608", "level": "INFO", "logger": "app.models.recommendation", "message": "Embeddings need to be updated"}
{"timestamp": "2026-06-29T04:32:30.331903", "level": "INFO", "logger": "app.models.recommendation", "message": "No cached product embeddings found, starting with empty embeddings"}
{"timestamp": "2026-06-29T04:32:30.332900", "level": "INFO", "logger": "app.models.recommendation", "message": "No cached user embeddings found, starting with empty embeddings"}
{"timestamp": "2026-06-29T04:32:30.334973", "level": "INFO", "logger": "app.models.recommendation", "message": "Embeddings need to be updated"}
{"timestamp": "2026-06-29T04:32:30.337321", "level": "INFO", "logger": "app.models.recommendation", "message": "No cached product embeddings found, starting with empty embeddings"}
{"timestamp": "2026-06-29T04:32:30.338852", "level": "INFO", "logger": "app.models.recommendation", "message": "No cached user embeddings found, starting with empty embeddings"}
{"timestamp": "2026-06-29T04:32:30.340016", "level": "INFO", "logger": "app.models.recommendation", "message": "Embeddings need to be updated"}
{"timestamp": "2026-06-29T04:32:30.341189", "level": "INFO", "logger": "app.models.recommendation", "message": "No cached product embeddings found, starting with empty embeddings"}
{"timestamp": "2026-06-29T04:32:30.342191", "level": "INFO", "logger": "app.models.recommendation", "message": "No cached user embeddings found, starting with empty embeddings"}
{"timestamp": "2026-06-29T04:32:30.343189", "level": "INFO", "logger": "app.models.recommendation", "message": "Embeddings need to be updated"}
{"timestamp": "2026-06-29T04:32:30.345184", "level": "INFO", "logger": "app.models.recommendation", "message": "No cached product embeddings found, starting with empty embeddings"}
{"timestamp": "2026-06-29T04:32:30.346181", "level": "INFO", "logger": "app.models.recommendation", "message": "No cached user embeddings found, starting with empty embeddings"}
{"timestamp": "2026-06-29T04:32:30.347177", "level": "INFO", "logger": "app.models.recommendation", "message": "Embeddings need to be updated"}
{"timestamp": "2026-06-29T04:32:30.348177", "level": "INFO", "logger": "app.models.recommendation", "message": "No cached product embeddings found, starting with empty embeddings"}
{"timestamp": "2026-06-29T04:32:30.349174", "level": "INFO", "logger": "app.models.recommendation", "message": "No cached user embeddings found, starting with empty embeddings"}
{"timestamp": "2026-06-29T04:32:30.350171", "level": "INFO", "logger": "app.models.recommendation", "message": "Embeddings need to be updated"}
{"timestamp": "2026-06-29T04:32:30.351167", "level": "INFO", "logger": "app.models.recommendation", "message": "No cached product embeddings found, starting with empty embeddings"}
{"timestamp": "2026-06-29T04:32:30.353163", "level": "INFO", "logger": "app.models.recommendation", "message": "No cached user embeddings found, starting with empty embeddings"}
{"timestamp": "2026-06-29T04:32:30.354159", "level": "INFO", "logger": "app.models.recommendation", "message": "Embeddings need to be updated"}
{"timestamp": "2026-06-29T04:32:30.356676", "level": "INFO", "logger": "app.models.recommendation", "message": "No cached product embeddings found, starting with empty embeddings"}
{"timestamp": "2026-06-29T04:32:30.357707", "level": "INFO", "logger": "app.models.recommendation", "message": "No cached user embeddings found, starting with empty embeddings"}
{"timestamp": "2026-06-29T04:32:30.359701", "level": "INFO", "logger": "app.models.recommendation", "message": "Embeddings need to be updated"}
{"timestamp": "2026-06-29T04:32:30.359701", "level": "INFO", "logger": "app.models.recommendation", "message": "No cached product embeddings found, starting with empty embeddings"}
{"timestamp": "2026-06-29T04:32:30.361053", "level": "INFO", "logger": "app.models.recommendation", "message": "No cached user embeddings found, starting with empty embeddings"}
{"timestamp": "2026-06-29T04:32:30.363055", "level": "INFO", "logger": "app.models.recommendation", "message": "Embeddings need to be updated"}
{"timestamp": "2026-06-29T04:32:30.364050", "level": "INFO", "logger": "app.models.recommendation", "message": "No cached product embeddings found, starting with empty embeddings"}
{"timestamp": "2026-06-29T04:32:30.365047", "level": "INFO", "logger": "app.models.recommendation", "message": "No cached user embeddings found, starting with empty embeddings"}
{"timestamp": "2026-06-29T04:32:30.366044", "level": "INFO", "logger": "app.models.recommendation", "message": "Embeddings need to be updated"}
{"timestamp": "2026-06-29T04:32:30.367073", "level": "INFO", "logger": "app.models.recommendation", "message": "No cached product embeddings found, starting with empty embeddings"}
{"timestamp": "2026-06-29T04:32:30.368040", "level": "INFO", "logger": "app.models.recommendation", "message": "No cached user embeddings found, starting with empty embeddings"}
{"timestamp": "2026-06-29T04:32:30.369037", "level": "INFO", "logger": "app.models.recommendation", "message": "Embeddings need to be updated"}
{"timestamp": "2026-06-29T04:32:30.370546", "level": "INFO", "logger": "app.models.recommendation", "message": "No cached product embeddings found, starting with empty embeddings"}
{"timestamp": "2026-06-29T04:32:30.374683", "level": "INFO", "logger": "app.models.recommendation", "message": "No cached user embeddings found, starting with empty embeddings"}
{"timestamp": "2026-06-29T04:32:30.375677", "level": "INFO", "logger": "app.models.recommendation", "message": "Embeddings need to be updated"}
{"timestamp": "2026-06-29T04:32:30.376674", "level": "INFO", "logger": "app.models.recommendation", "message": "No cached product embeddings found, starting with empty embeddings"}
{"timestamp": "2026-06-29T04:32:30.377671", "level": "INFO", "logger": "app.models.recommendation", "message": "No cached user embeddings found, starting with empty embeddings"}
{"timestamp": "2026-06-29T04:32:30.378700", "level": "INFO", "logger": "app.models.recommendation", "message": "Embeddings need to be updated"}
{"timestamp": "2026-06-29T04:32:30.380112", "level": "INFO", "logger": "app.models.recommendation", "message": "No cached product embeddings found, starting with empty embeddings"}
{"timestamp": "2026-06-29T04:32:30.381620", "level": "INFO", "logger": "app.models.recommendation", "message": "No cached user embeddings found, starting with empty embeddings"}
{"timestamp": "2026-06-29T04:32:30.384480", "level": "INFO", "logger": "app.models.recommendation", "message": "Embeddings need to be updated"}
{"timestamp": "2026-06-29T04:32:30.386479", "level": "INFO", "logger": "app.models.recommendation", "message": "No cached product embeddings found, starting with empty embeddings"}
{"timestamp": "2026-06-29T04:32:30.388479", "level": "INFO", "logger": "app.models.recommendation", "message": "No cached user embeddings found, starting with empty embeddings"}
{"timestamp": "2026-06-29T04:32:30.389472", "level": "INFO", "logger": "app.models.recommendation", "message": "Embeddings need to be updated"}
{"timestamp": "2026-06-29T04:32:30.391467", "level": "INFO", "logger": "app.models.recommendation", "message": "No cached product embeddings found, starting with empty embeddings"}
{"timestamp": "2026-06-29T04:32:30.392463", "level": "INFO", "logger": "app.models.recommendation", "message": "No cached user embeddings found, starting with empty embeddings"}
{"timestamp": "2026-06-29T04:32:30.393461", "level": "INFO", "logger": "app.models.recommendation", "message": "Embeddings need to be updated"}
{"timestamp": "2026-06-29T04:32:30.393461", "level": "INFO", "logger": "app.models.recommendation", "message": "No cached product embeddings found, starting with empty embeddings"}
{"timestamp": "2026-06-29T04:32:30.395946", "level": "INFO", "logger": "app.models.recommendation", "message": "No cached user embeddings found, starting with empty embeddings"}
{"timestamp": "2026-06-29T04:32:30.396945", "level": "INFO", "logger": "app.models.recommendation", "message": "Embeddings need to be updated"}
{"timestamp": "2026-06-29T04:32:30.397943", "level": "INFO", "logger": "app.models.recommendation", "message": "No cached product embeddings found, starting with empty embeddings"}
{"timestamp": "2026-06-29T04:32:30.399937", "level": "INFO", "logger": "app.models.recommendation", "message": "No cached user embeddings found, starting with empty embeddings"}
{"timestamp": "2026-06-29T04:32:30.400932", "level": "INFO", "logger": "app.models.recommendation", "message": "Embeddings need to be updated"}
{"timestamp": "2026-06-29T04:32:30.401934", "level": "INFO", "logger": "app.models.recommendation", "message": "No cached product embeddings found, starting with empty embeddings"}
{"timestamp": "2026-06-29T04:32:30.404018", "level": "INFO", "logger": "app.models.recommendation", "message": "No cached user embeddings found, starting with empty embeddings"}
{"timestamp": "2026-06-29T04:32:30.405112", "level": "INFO", "logger": "app.models.recommendation", "message": "Embeddings need to be updated"}
{"timestamp": "2026-06-29T04:32:30.407433", "level": "INFO", "logger": "app.models.recommendation", "message": "No cached product embeddings found, starting with empty embeddings"}
{"timestamp": "2026-06-29T04:32:30.408474", "level": "INFO", "logger": "app.models.recommendation", "message": "No cached user embeddings found, starting with empty embeddings"}
{"timestamp": "2026-06-29T04:32:30.409472", "level": "INFO", "logger": "app.models.recommendation", "message": "Embeddings need to be updated"}
{"timestamp": "2026-06-29T04:32:30.410583", "level": "INFO", "logger": "app.models.recommendation", "message": "No cached product embeddings found, starting with empty embeddings"}
{"timestamp": "2026-06-29T04:32:30.411644", "level": "INFO", "logger": "app.models.recommendation", "message": "No cached user embeddings found, starting with empty embeddings"}
{"timestamp": "2026-06-29T04:32:30.412650", "level": "INFO", "logger": "app.models.recommendation", "message": "Embeddings need to be updated"}
{"timestamp": "2026-06-29T04:32:30.413956", "level": "INFO", "logger": "app.models.recommendation", "message": "No cached product embeddings found, starting with empty embeddings"}
{"timestamp": "2026-06-29T04:32:30.415981", "level": "INFO", "logger": "app.models.recommendation", "message": "No cached user embeddings found, starting with empty embeddings"}
{"timestamp": "2026-06-29T04:32:30.417021", "level": "INFO", "logger": "app.models.recommendation", "message": "Embeddings need to be updated"}
{"timestamp": "2026-06-29T04:32:30.419051", "level": "INFO", "logger": "app.models.recommendation", "message": "No cached product embeddings found, starting with empty embeddings"}
{"timestamp": "2026-06-29T04:32:30.420053", "level": "INFO", "logger": "app.models.recommendation", "message": "No cached user embeddings found, starting with empty embeddings"}
{"timestamp": "2026-06-29T04:32:30.423047", "level": "INFO", "logger": "app.models.recommendation", "message": "Embeddings need to be updated"}
{"timestamp": "2026-06-29T04:32:30.425035", "level": "INFO", "logger": "app.models.recommendation", "message": "No cached product embeddings found, starting with empty embeddings"}
{"timestamp": "2026-06-29T04:32:30.426032", "level": "INFO", "logger": "app.models.recommendation", "message": "No cached user embeddings found, starting with empty embeddings"}
{"timestamp": "2026-06-29T04:32:30.427030", "level": "INFO", "logger": "app.models.recommendation", "message": "Embeddings need to be updated"}
{"timestamp": "2026-06-29T04:32:30.429022", "level": "INFO", "logger": "app.models.recommendation", "message": "No cached product embeddings found, starting with empty embeddings"}
{"timestamp": "2026-06-29T04:32:30.430019", "level": "INFO", "logger": "app.models.recommendation", "message": "No cached user embeddings found, starting with empty embeddings"}
{"timestamp": "2026-06-29T04:32:30.432092", "level": "INFO", "logger": "app.models.recommendation", "message": "Embeddings need to be updated"}
{"timestamp": "2026-06-29T04:32:30.434092", "level": "INFO", "logger": "app.models.recommendation", "message": "No cached product embeddings found, starting with empty embeddings"}
{"timestamp": "2026-06-29T04:32:30.436093", "level": "INFO", "logger": "app.models.recommendation", "message": "No cached user embeddings found, starting with empty embeddings"}
{"timestamp": "2026-06-29T04:32:30.437094", "level": "INFO", "logger": "app.models.recommendation", "message": "Embeddings need to be updated"}
{"timestamp": "2026-06-29T04:32:30.440350", "level": "INFO", "logger": "app.models.recommendation", "message": "No cached product embeddings found, starting with empty embeddings"}
{"timestamp": "2026-06-29T04:32:30.441361", "level": "INFO", "logger": "app.models.recommendation", "message": "No cached user embeddings found, starting with empty embeddings"}
{"timestamp": "2026-06-29T04:32:30.443799", "level": "INFO", "logger": "app.models.recommendation", "message": "Embeddings need to be updated"}
{"timestamp": "2026-06-29T04:32:30.445296", "level": "INFO", "logger": "app.models.recommendation", "message": "No cached product embeddings found, starting with empty embeddings"}
{"timestamp": "2026-06-29T04:32:30.446303", "level": "INFO", "logger": "app.models.recommendation", "message": "No cached user embeddings found, starting with empty embeddings"}
{"timestamp": "2026-06-29T04:32:30.447673", "level": "INFO", "logger": "app.models.recommendation", "message": "Embeddings need to be updated"}
{"timestamp": "2026-06-29T04:32:30.448674", "level": "INFO", "logger": "app.models.recommendation", "message": "No cached product embeddings found, starting with empty embeddings"}
{"timestamp": "2026-06-29T04:32:30.450056", "level": "INFO", "logger": "app.models.recommendation", "message": "No cached user embeddings found, starting with empty embeddings"}
{"timestamp": "2026-06-29T04:32:30.451449", "level": "INFO", "logger": "app.models.recommendation", "message": "Embeddings need to be updated"}
{"timestamp": "2026-06-29T04:32:30.453747", "level": "INFO", "logger": "app.models.recommendation", "message": "No cached product embeddings found, starting with empty embeddings"}
{"timestamp": "2026-06-29T04:32:30.456154", "level": "INFO", "logger": "app.models.recommendation", "message": "No cached user embeddings found, starting with empty embeddings"}
{"timestamp": "2026-06-29T04:32:30.457155", "level": "INFO", "logger": "app.models.recommendation", "message": "Embeddings need to be updated"}
{"timestamp": "2026-06-29T04:32:30.457155", "level": "INFO", "logger": "app.models.recommendation", "message": "No cached product embeddings found, starting with empty embeddings"}
{"timestamp": "2026-06-29T04:32:30.458404", "level": "INFO", "logger": "app.models.recommendation", "message": "No cached user embeddings found, starting with empty embeddings"}
{"timestamp": "2026-06-29T04:32:30.459411", "level": "INFO", "logger": "app.models.recommendation", "message": "Embeddings need to be updated"}
{"timestamp": "2026-06-29T04:32:30.461412", "level": "INFO", "logger": "app.models.recommendation", "message": "No cached product embeddings found, starting with empty embeddings"}
{"timestamp": "2026-06-29T04:32:30.462577", "level": "INFO", "logger": "app.models.recommendation", "message": "No cached user embeddings found, starting with empty embeddings"}
{"timestamp": "2026-06-29T04:32:30.462577", "level": "INFO", "logger": "app.models.recommendation", "message": "Embeddings need to be updated"}
{"timestamp": "2026-06-29T04:32:30.465088", "level": "INFO", "logger": "app.models.recommendation", "message": "No cached product embeddings found, starting with empty embeddings"}
{"timestamp": "2026-06-29T04:32:30.466086", "level": "INFO", "logger": "app.models.recommendation", "message": "No cached user embeddings found, starting with empty embeddings"}
{"timestamp": "2026-06-29T04:32:30.469078", "level": "INFO", "logger": "app.models.recommendation", "message": "Embeddings need to be updated"}
{"timestamp": "2026-06-29T04:32:30.472597", "level": "INFO", "logger": "app.models.recommendation", "message": "No cached product embeddings found, starting with empty embeddings"}
{"timestamp": "2026-06-29T04:32:30.474606", "level": "INFO", "logger": "app.models.recommendation", "message": "No cached user embeddings found, starting with empty embeddings"}
{"timestamp": "2026-06-29T04:32:30.475589", "level": "INFO", "logger": "app.models.recommendation", "message": "Embeddings need to be updated"}
{"timestamp": "2026-06-29T04:32:30.481572", "level": "INFO", "logger": "app.models.recommendation", "message": "No cached product embeddings found, starting with empty embeddings"}
{"timestamp": "2026-06-29T04:32:30.482571", "level": "INFO", "logger": "app.models.recommendation", "message": "No cached user embeddings found, starting with empty embeddings"}
{"timestamp": "2026-06-29T04:32:30.483568", "level": "INFO", "logger": "app.models.recommendation", "message": "Embeddings need to be updated"}
{"timestamp": "2026-06-29T04:32:30.485561", "level": "INFO", "logger": "app.models.recommendation", "message": "No cached product embeddings found, starting with empty embeddings"}
{"timestamp": "2026-06-29T04:32:30.487566", "level": "INFO", "logger": "app.models.recommendation", "message": "No cached user embeddings found, starting with empty embeddings"}
{"timestamp": "2026-06-29T04:32:30.489553", "level": "INFO", "logger": "app.models.recommendation", "message": "Embeddings need to be updated"}
{"timestamp": "2026-06-29T04:32:30.490549", "level": "INFO", "logger": "app.models.recommendation", "message": "No cached product embeddings found, starting with empty embeddings"}
{"timestamp": "2026-06-29T04:32:30.491547", "level": "INFO", "logger": "app.models.recommendation", "message": "No cached user embeddings found, starting with empty embeddings"}
{"timestamp": "2026-06-29T04:32:30.492544", "level": "INFO", "logger": "app.models.recommendation", "message": "Embeddings need to be updated"}
{"timestamp": "2026-06-29T04:32:30.493541", "level": "INFO", "logger": "app.models.recommendation", "message": "No cached product embeddings found, starting with empty embeddings"}
{"timestamp": "2026-06-29T04:32:30.494537", "level": "INFO", "logger": "app.models.recommendation", "message": "No cached user embeddings found, starting with empty embeddings"}
{"timestamp": "2026-06-29T04:32:30.495535", "level": "INFO", "logger": "app.models.recommendation", "message": "Embeddings need to be updated"}
{"timestamp": "2026-06-29T04:32:30.499525", "level": "INFO", "logger": "app.models.recommendation", "message": "No cached product embeddings found, starting with empty embeddings"}
{"timestamp": "2026-06-29T04:32:30.501742", "level": "INFO", "logger": "app.models.recommendation", "message": "No cached user embeddings found, starting with empty embeddings"}
{"timestamp": "2026-06-29T04:32:30.503758", "level": "INFO", "logger": "app.models.recommendation", "message": "Embeddings need to be updated"}
{"timestamp": "2026-06-29T04:32:30.505245", "level": "INFO", "logger": "app.models.recommendation", "message": "No cached product embeddings found, starting with empty embeddings"}
{"timestamp": "2026-06-29T04:32:30.506243", "level": "INFO", "logger": "app.models.recommendation", "message": "No cached user embeddings found, starting with empty embeddings"}
{"timestamp": "2026-06-29T04:32:30.507425", "level": "INFO", "logger": "app.models.recommendation", "message": "Embeddings need to be updated"}
{"timestamp": "2026-06-29T04:32:30.508422", "level": "INFO", "logger": "app.models.recommendation", "message": "No cached product embeddings found, starting with empty embeddings"}
{"timestamp": "2026-06-29T04:32:30.509421", "level": "INFO", "logger": "app.models.recommendation", "message": "No cached user embeddings found, starting with empty embeddings"}
{"timestamp": "2026-06-29T04:32:30.510418", "level": "INFO", "logger": "app.models.recommendation", "message": "Embeddings need to be updated"}
{"timestamp": "2026-06-29T04:32:30.511418", "level": "INFO", "logger": "app.models.recommendation", "message": "No cached product embeddings found, starting with empty embeddings"}
{"timestamp": "2026-06-29T04:32:30.513094", "level": "INFO", "logger": "app.models.recommendation", "message": "No cached user embeddings found, starting with empty embeddings"}
{"timestamp": "2026-06-29T04:32:30.514410", "level": "INFO", "logger": "app.models.recommendation", "message": "Embeddings need to be updated"}
{"timestamp": "2026-06-29T04:32:30.516405", "level": "INFO", "logger": "app.models.recommendation", "message": "No cached product embeddings found, starting with empty embeddings"}
{"timestamp": "2026-06-29T04:32:30.517413", "level": "INFO", "logger": "app.models.recommendation", "message": "No cached user embeddings found, starting with empty embeddings"}
{"timestamp": "2026-06-29T04:32:30.518541", "level": "INFO", "logger": "app.models.recommendation", "message": "Embeddings need to be updated"}
{"timestamp": "2026-06-29T04:32:30.519910", "level": "INFO", "logger": "app.models.recommendation", "message": "No cached product embeddings found, starting with empty embeddings"}
{"timestamp": "2026-06-29T04:32:30.520919", "level": "INFO", "logger": "app.models.recommendation", "message": "No cached user embeddings found, starting with empty embeddings"}
{"timestamp": "2026-06-29T04:32:30.522919", "level": "INFO", "logger": "app.models.recommendation", "message": "Embeddings need to be updated"}
{"timestamp": "2026-06-29T04:32:30.523916", "level": "INFO", "logger": "app.models.recommendation", "message": "No cached product embeddings found, starting with empty embeddings"}
{"timestamp": "2026-06-29T04:32:30.524915", "level": "INFO", "logger": "app.models.recommendation", "message": "No cached user embeddings found, starting with empty embeddings"}
{"timestamp": "2026-06-29T04:32:30.527829", "level": "INFO", "logger": "app.models.recommendation", "message": "Embeddings need to be updated"}
{"timestamp": "2026-06-29T04:32:30.530121", "level": "INFO", "logger": "app.models.recommendation", "message": "No cached product embeddings found, starting with empty embeddings"}
{"timestamp": "2026-06-29T04:32:30.531695", "level": "INFO", "logger": "app.models.recommendation", "message": "No cached user embeddings found, starting with empty embeddings"}
{"timestamp": "2026-06-29T04:32:30.532864", "level": "INFO", "logger": "app.models.recommendation", "message": "Embeddings need to be updated"}
{"timestamp": "2026-06-29T04:32:30.533940", "level": "INFO", "logger": "app.models.recommendation", "message": "No cached product embeddings found, starting with empty embeddings"}
{"timestamp": "2026-06-29T04:32:30.535028", "level": "INFO", "logger": "app.models.recommendation", "message": "No cached user embeddings found, starting with empty embeddings"}
{"timestamp": "2026-06-29T04:32:30.538571", "level": "INFO", "logger": "app.models.recommendation", "message": "Embeddings need to be updated"}
{"timestamp": "2026-06-29T04:32:30.539560", "level": "INFO", "logger": "app.models.recommendation", "message": "No cached product embeddings found, starting with empty embeddings"}
{"timestamp": "2026-06-29T04:32:30.541968", "level": "INFO", "logger": "app.models.recommendation", "message": "No cached user embeddings found, starting with empty embeddings"}
{"timestamp": "2026-06-29T04:32:30.543239", "level": "INFO", "logger": "app.models.recommendation", "message": "Embeddings need to be updated"}
{"timestamp": "2026-06-29T04:32:30.544507", "level": "INFO", "logger": "app.models.recommendation", "message": "No cached product embeddings found, starting with empty embeddings"}
{"timestamp": "2026-06-29T04:32:30.545902", "level": "INFO", "logger": "app.models.recommendation", "message": "No cached user embeddings found, starting with empty embeddings"}
{"timestamp": "2026-06-29T04:32:30.547229", "level": "INFO", "logger": "app.models.recommendation", "message": "Embeddings need to be updated"}
{"timestamp": "2026-06-29T04:32:30.548275", "level": "INFO", "logger": "app.models.recommendation", "message": "No cached product embeddings found, starting with empty embeddings"}
{"timestamp": "2026-06-29T04:32:30.549340", "level": "INFO", "logger": "app.models.recommendation", "message": "No cached user embeddings found, starting with empty embeddings"}
{"timestamp": "2026-06-29T04:32:30.550952", "level": "INFO", "logger": "app.models.recommendation", "message": "Embeddings need to be updated"}
{"timestamp": "2026-06-29T04:32:30.553416", "level": "INFO", "logger": "app.models.recommendation", "message": "No cached product embeddings found, starting with empty embeddings"}
{"timestamp": "2026-06-29T04:32:30.554837", "level": "INFO", "logger": "app.models.recommendation", "message": "No cached user embeddings found, starting with empty embeddings"}
{"timestamp": "2026-06-29T04:32:30.555890", "level": "INFO", "logger": "app.models.recommendation", "message": "Embeddings need to be updated"}
{"timestamp": "2026-06-29T04:32:30.556894", "level": "INFO", "logger": "app.models.recommendation", "message": "No cached product embeddings found, starting with empty embeddings"}
{"timestamp": "2026-06-29T04:32:30.557884", "level": "INFO", "logger": "app.models.recommendation", "message": "No cached user embeddings found, starting with empty embeddings"}
{"timestamp": "2026-06-29T04:32:30.558882", "level": "INFO", "logger": "app.models.recommendation", "message": "Embeddings need to be updated"}
{"timestamp": "2026-06-29T04:32:30.560392", "level": "INFO", "logger": "app.models.recommendation", "message": "No cached product embeddings found, starting with empty embeddings"}
{"timestamp": "2026-06-29T04:32:30.561394", "level": "INFO", "logger": "app.models.recommendation", "message": "No cached user embeddings found, starting with empty embeddings"}
{"timestamp": "2026-06-29T04:32:30.564672", "level": "INFO", "logger": "app.models.recommendation", "message": "Embeddings need to be updated"}
{"timestamp": "2026-06-29T04:32:30.565815", "level": "INFO", "logger": "app.models.recommendation", "message": "No cached product embeddings found, starting with empty embeddings"}
{"timestamp": "2026-06-29T04:32:30.567115", "level": "INFO", "logger": "app.models.recommendation", "message": "No cached user embeddings found, starting with empty embeddings"}
{"timestamp": "2026-06-29T04:32:30.569738", "level": "INFO", "logger": "app.models.recommendation", "message": "Embeddings need to be updated"}
{"timestamp": "2026-06-29T04:32:30.572347", "level": "INFO", "logger": "app.models.recommendation", "message": "No cached product embeddings found, starting with empty embeddings"}
{"timestamp": "2026-06-29T04:32:30.573355", "level": "INFO", "logger": "app.models.recommendation", "message": "No cached user embeddings found, starting with empty embeddings"}
{"timestamp": "2026-06-29T04:32:30.575114", "level": "INFO", "logger": "app.models.recommendation", "message": "Embeddings need to be updated"}
{"timestamp": "2026-06-29T04:32:30.576116", "level": "INFO", "logger": "app.models.recommendation", "message": "No cached product embeddings found, starting with empty embeddings"}
{"timestamp": "2026-06-29T04:32:30.577118", "level": "INFO", "logger": "app.models.recommendation", "message": "No cached user embeddings found, starting with empty embeddings"}
{"timestamp": "2026-06-29T04:32:30.579769", "level": "INFO", "logger": "app.models.recommendation", "message": "Embeddings need to be updated"}
{"timestamp": "2026-06-29T04:32:30.581215", "level": "INFO", "logger": "app.models.recommendation", "message": "No cached product embeddings found, starting with empty embeddings"}
{"timestamp": "2026-06-29T04:32:30.582481", "level": "INFO", "logger": "app.models.recommendation", "message": "No cached user embeddings found, starting with empty embeddings"}
{"timestamp": "2026-06-29T04:32:30.583719", "level": "INFO", "logger": "app.models.recommendation", "message": "Embeddings need to be updated"}
{"timestamp": "2026-06-29T04:32:30.585088", "level": "INFO", "logger": "app.models.recommendation", "message": "No cached product embeddings found, starting with empty embeddings"}
{"timestamp": "2026-06-29T04:32:30.587283", "level": "INFO", "logger": "app.models.recommendation", "message": "No cached user embeddings found, starting with empty embeddings"}
{"timestamp": "2026-06-29T04:32:30.589255", "level": "INFO", "logger": "app.models.recommendation", "message": "Embeddings need to be updated"}
{"timestamp": "2026-06-29T04:32:30.591078", "level": "INFO", "logger": "app.models.recommendation", "message": "No cached product embeddings found, starting with empty embeddings"}
{"timestamp": "2026-06-29T04:32:30.592089", "level": "INFO", "logger": "app.models.recommendation", "message": "No cached user embeddings found, starting with empty embeddings"}
{"timestamp": "2026-06-29T04:32:30.593599", "level": "INFO", "logger": "app.models.recommendation", "message": "Embeddings need to be updated"}
{"timestamp": "2026-06-29T04:32:30.594610", "level": "INFO", "logger": "app.models.recommendation", "message": "No cached product embeddings found, starting with empty embeddings"}
{"timestamp": "2026-06-29T04:32:30.595607", "level": "INFO", "logger": "app.models.recommendation", "message": "No cached user embeddings found, starting with empty embeddings"}
{"timestamp": "2026-06-29T04:32:30.596605", "level": "INFO", "logger": "app.models.recommendation", "message": "Embeddings need to be updated"}
{"timestamp": "2026-06-29T04:32:30.598074", "level": "INFO", "logger": "app.models.recommendation", "message": "No cached product embeddings found, starting with empty embeddings"}
{"timestamp": "2026-06-29T04:32:30.598074", "level": "INFO", "logger": "app.models.recommendation", "message": "No cached user embeddings found, starting with empty embeddings"}
{"timestamp": "2026-06-29T04:32:30.600290", "level": "INFO", "logger": "app.models.recommendation", "message": "Embeddings need to be updated"}
{"timestamp": "2026-06-29T04:32:30.601302", "level": "INFO", "logger": "app.models.recommendation", "message": "No cached product embeddings found, starting with empty embeddings"}
{"timestamp": "2026-06-29T04:32:30.604343", "level": "INFO", "logger": "app.models.recommendation", "message": "No cached user embeddings found, starting with empty embeddings"}
{"timestamp": "2026-06-29T04:32:30.605340", "level": "INFO", "logger": "app.models.recommendation", "message": "Embeddings need to be updated"}
{"timestamp": "2026-06-29T04:32:30.606443", "level": "INFO", "logger": "app.models.recommendation", "message": "No cached product embeddings found, starting with empty embeddings"}
{"timestamp": "2026-06-29T04:32:30.607568", "level": "INFO", "logger": "app.models.recommendation", "message": "No cached user embeddings found, starting with empty embeddings"}
{"timestamp": "2026-06-29T04:32:30.608565", "level": "INFO", "logger": "app.models.recommendation", "message": "Embeddings need to be updated"}
{"timestamp": "2026-06-29T04:32:30.610404", "level": "INFO", "logger": "app.models.recommendation", "message": "No cached product embeddings found, starting with empty embeddings"}
{"timestamp": "2026-06-29T04:32:30.611657", "level": "INFO", "logger": "app.models.recommendation", "message": "No cached user embeddings found, starting with empty embeddings"}
{"timestamp": "2026-06-29T04:32:30.612907", "level": "INFO", "logger": "app.models.recommendation", "message": "Embeddings need to be updated"}
{"timestamp": "2026-06-29T04:32:30.613918", "level": "INFO", "logger": "app.models.recommendation", "message": "No cached product embeddings found, starting with empty embeddings"}
{"timestamp": "2026-06-29T04:32:30.615000", "level": "INFO", "logger": "app.models.recommendation", "message": "No cached user embeddings found, starting with empty embeddings"}
{"timestamp": "2026-06-29T04:32:30.615997", "level": "INFO", "logger": "app.models.recommendation", "message": "Embeddings need to be updated"}
{"timestamp": "2026-06-29T04:32:30.617077", "level": "INFO", "logger": "app.models.recommendation", "message": "No cached product embeddings found, starting with empty embeddings"}
{"timestamp": "2026-06-29T04:32:30.619810", "level": "INFO", "logger": "app.models.recommendation", "message": "No cached user embeddings found, starting with empty embeddings"}
{"timestamp": "2026-06-29T04:32:30.622546", "level": "INFO", "logger": "app.models.recommendation", "message": "Embeddings need to be updated"}
{"timestamp": "2026-06-29T04:32:30.623845", "level": "INFO", "logger": "app.models.recommendation", "message": "No cached product embeddings found, starting with empty embeddings"}
{"timestamp": "2026-06-29T04:32:30.625373", "level": "INFO", "logger": "app.models.recommendation", "message": "No cached user embeddings found, starting with empty embeddings"}
{"timestamp": "2026-06-29T04:32:30.626551", "level": "INFO", "logger": "app.models.recommendation", "message": "Embeddings need to be updated"}
{"timestamp": "2026-06-29T04:32:30.628050", "level": "INFO", "logger": "app.models.recommendation", "message": "No cached product embeddings found, starting with empty embeddings"}
{"timestamp": "2026-06-29T04:32:30.629157", "level": "INFO", "logger": "app.models.recommendation", "message": "No cached user embeddings found, starting with empty embeddings"}
{"timestamp": "2026-06-29T04:32:30.630364", "level": "INFO", "logger": "app.models.recommendation", "message": "Embeddings need to be updated"}
{"timestamp": "2026-06-29T04:32:30.631711", "level": "INFO", "logger": "app.models.recommendation", "message": "No cached product embeddings found, starting with empty embeddings"}
{"timestamp": "2026-06-29T04:32:30.632859", "level": "INFO", "logger": "app.models.recommendation", "message": "No cached user embeddings found, starting with empty embeddings"}
{"timestamp": "2026-06-29T04:32:30.634133", "level": "INFO", "logger": "app.models.recommendation", "message": "Embeddings need to be updated"}
{"timestamp": "2026-06-29T04:32:30.635197", "level": "INFO", "logger": "app.models.recommendation", "message": "No cached product embeddings found, starting with empty embeddings"}
{"timestamp": "2026-06-29T04:32:30.636669", "level": "INFO", "logger": "app.models.recommendation", "message": "No cached user embeddings found, starting with empty embeddings"}
{"timestamp": "2026-06-29T04:32:30.640095", "level": "INFO", "logger": "app.models.recommendation", "message": "Embeddings need to be updated"}
{"timestamp": "2026-06-29T04:32:30.641161", "level": "INFO", "logger": "app.models.recommendation", "message": "No cached product embeddings found, starting with empty embeddings"}
{"timestamp": "2026-06-29T04:32:30.642193", "level": "INFO", "logger": "app.models.recommendation", "message": "No cached user embeddings found, starting with empty embeddings"}
{"timestamp": "2026-06-29T04:32:30.643377", "level": "INFO", "logger": "app.models.recommendation", "message": "Embeddings need to be updated"}
{"timestamp": "2026-06-29T04:32:30.644374", "level": "INFO", "logger": "app.models.recommendation", "message": "No cached product embeddings found, starting with empty embeddings"}
{"timestamp": "2026-06-29T04:32:30.645845", "level": "INFO", "logger": "app.models.recommendation", "message": "No cached user embeddings found, starting with empty embeddings"}
{"timestamp": "2026-06-29T04:32:30.647005", "level": "INFO", "logger": "app.models.recommendation", "message": "Embeddings need to be updated"}
{"timestamp": "2026-06-29T04:32:30.648113", "level": "INFO", "logger": "app.models.recommendation", "message": "No cached product embeddings found, starting with empty embeddings"}
{"timestamp": "2026-06-29T04:32:30.649255", "level": "INFO", "logger": "app.models.recommendation", "message": "No cached user embeddings found, starting with empty embeddings"}
{"timestamp": "2026-06-29T04:32:30.649255", "level": "INFO", "logger": "app.models.recommendation", "message": "Embeddings need to be updated"}
{"timestamp": "2026-06-29T04:32:30.651978", "level": "INFO", "logger": "app.models.recommendation", "message": "No cached product embeddings found, starting with empty embeddings"}
{"timestamp": "2026-06-29T04:32:30.654675", "level": "INFO", "logger": "app.models.recommendation", "message": "No cached user embeddings found, starting with empty embeddings"}
{"timestamp": "2026-06-29T04:32:30.655727", "level": "INFO", "logger": "app.models.recommendation", "message": "Embeddings need to be updated"}
{"timestamp": "2026-06-29T04:32:30.656830", "level": "INFO", "logger": "app.models.recommendation", "message": "No cached product embeddings found, starting with empty embeddings"}
{"timestamp": "2026-06-29T04:32:30.658535", "level": "INFO", "logger": "app.models.recommendation", "message": "No cached user embeddings found, starting with empty embeddings"}
{"timestamp": "2026-06-29T04:32:30.659832", "level": "INFO", "logger": "app.models.recommendation", "message": "Embeddings need to be updated"}
{"timestamp": "2026-06-29T04:32:30.662133", "level": "INFO", "logger": "app.models.recommendation", "message": "No cached product embeddings found, starting with empty embeddings"}
{"timestamp": "2026-06-29T04:32:30.663131", "level": "INFO", "logger": "app.models.recommendation", "message": "No cached user embeddings found, starting with empty embeddings"}
{"timestamp": "2026-06-29T04:32:30.664292", "level": "INFO", "logger": "app.models.recommendation", "message": "Embeddings need to be updated"}
{"timestamp": "2026-06-29T04:32:30.665612", "level": "INFO", "logger": "app.models.recommendation", "message": "No cached product embeddings found, starting with empty embeddings"}
{"timestamp": "2026-06-29T04:32:30.666852", "level": "INFO", "logger": "app.models.recommendation", "message": "No cached user embeddings found, starting with empty embeddings"}
{"timestamp": "2026-06-29T04:32:30.668980", "level": "INFO", "logger": "app.models.recommendation", "message": "Embeddings need to be updated"}
{"timestamp": "2026-06-29T04:32:30.669979", "level": "INFO", "logger": "app.models.recommendation", "message": "No cached product embeddings found, starting with empty embeddings"}
{"timestamp": "2026-06-29T04:32:30.672505", "level": "INFO", "logger": "app.models.recommendation", "message": "No cached user embeddings found, starting with empty embeddings"}
{"timestamp": "2026-06-29T04:32:30.673692", "level": "INFO", "logger": "app.models.recommendation", "message": "Embeddings need to be updated"}
{"timestamp": "2026-06-29T04:32:30.675338", "level": "INFO", "logger": "app.models.recommendation", "message": "No cached product embeddings found, starting with empty embeddings"}
{"timestamp": "2026-06-29T04:32:30.676546", "level": "INFO", "logger": "app.models.recommendation", "message": "No cached user embeddings found, starting with empty embeddings"}
{"timestamp": "2026-06-29T04:32:30.677653", "level": "INFO", "logger": "app.models.recommendation", "message": "Embeddings need to be updated"}
{"timestamp": "2026-06-29T04:32:30.678849", "level": "INFO", "logger": "app.models.recommendation", "message": "No cached product embeddings found, starting with empty embeddings"}
{"timestamp": "2026-06-29T04:32:30.680117", "level": "INFO", "logger": "app.models.recommendation", "message": "No cached user embeddings found, starting with empty embeddings"}
{"timestamp": "2026-06-29T04:32:30.681365", "level": "INFO", "logger": "app.models.recommendation", "message": "Embeddings need to be updated"}
{"timestamp": "2026-06-29T04:32:30.682444", "level": "INFO", "logger": "app.models.recommendation", "message": "No cached product embeddings found, starting with empty embeddings"}
{"timestamp": "2026-06-29T04:32:30.683705", "level": "INFO", "logger": "app.models.recommendation", "message": "No cached user embeddings found, starting with empty embeddings"}
{"timestamp": "2026-06-29T04:32:30.685992", "level": "INFO", "logger": "app.models.recommendation", "message": "Embeddings need to be updated"}
{"timestamp": "2026-06-29T04:32:30.688045", "level": "INFO", "logger": "app.models.recommendation", "message": "No cached product embeddings found, starting with empty embeddings"}
{"timestamp": "2026-06-29T04:32:30.689580", "level": "INFO", "logger": "app.models.recommendation", "message": "No cached user embeddings found, starting with empty embeddings"}
{"timestamp": "2026-06-29T04:32:30.690796", "level": "INFO", "logger": "app.models.recommendation", "message": "Embeddings need to be updated"}
{"timestamp": "2026-06-29T04:32:30.692391", "level": "INFO", "logger": "app.models.recommendation", "message": "No cached product embeddings found, starting with empty embeddings"}
{"timestamp": "2026-06-29T04:32:30.693610", "level": "INFO", "logger": "app.models.recommendation", "message": "No cached user embeddings found, starting with empty embeddings"}
{"timestamp": "2026-06-29T04:32:30.694756", "level": "INFO", "logger": "app.models.recommendation", "message": "Embeddings need to be updated"}
{"timestamp": "2026-06-29T04:32:30.695800", "level": "INFO", "logger": "app.models.recommendation", "message": "No cached product embeddings found, starting with empty embeddings"}
{"timestamp": "2026-06-29T04:32:30.696842", "level": "INFO", "logger": "app.models.recommendation", "message": "No cached user embeddings found, starting with empty embeddings"}
{"timestamp": "2026-06-29T04:32:30.698719", "level": "INFO", "logger": "app.models.recommendation", "message": "Embeddings need to be updated"}
{"timestamp": "2026-06-29T04:32:30.699933", "level": "INFO", "logger": "app.models.recommendation", "message": "No cached product embeddings found, starting with empty embeddings"}
{"timestamp": "2026-06-29T04:32:30.700931", "level": "INFO", "logger": "app.models.recommendation", "message": "No cached user embeddings found, starting with empty embeddings"}
{"timestamp": "2026-06-29T04:32:30.702392", "level": "INFO", "logger": "app.models.recommendation", "message": "Embeddings need to be updated"}
{"timestamp": "2026-06-29T04:32:30.703973", "level": "INFO", "logger": "app.models.recommendation", "message": "No cached product embeddings found, starting with empty embeddings"}
{"timestamp": "2026-06-29T04:32:30.705148", "level": "INFO", "logger": "app.models.recommendation", "message": "No cached user embeddings found, starting with empty embeddings"}
{"timestamp": "2026-06-29T04:32:30.707009", "level": "INFO", "logger": "app.models.recommendation", "message": "Embeddings need to be updated"}
{"timestamp": "2026-06-29T04:32:30.708169", "level": "INFO", "logger": "app.models.recommendation", "message": "No cached product embeddings found, starting with empty embeddings"}
{"timestamp": "2026-06-29T04:32:30.709488", "level": "INFO", "logger": "app.models.recommendation", "message": "No cached user embeddings found, starting with empty embeddings"}
{"timestamp": "2026-06-29T04:32:30.710485", "level": "INFO", "logger": "app.models.recommendation", "message": "Embeddings need to be updated"}
{"timestamp": "2026-06-29T04:32:30.712229", "level": "INFO", "logger": "app.models.recommendation", "message": "No cached product embeddings found, starting with empty embeddings"}
{"timestamp": "2026-06-29T04:32:30.713316", "level": "INFO", "logger": "app.models.recommendation", "message": "No cached user embeddings found, starting with empty embeddings"}
{"timestamp": "2026-06-29T04:32:30.714794", "level": "INFO", "logger": "app.models.recommendation", "message": "Embeddings need to be updated"}
{"timestamp": "2026-06-29T04:32:30.715963", "level": "INFO", "logger": "app.models.recommendation", "message": "No cached product embeddings found, starting with empty embeddings"}
{"timestamp": "2026-06-29T04:32:30.716993", "level": "INFO", "logger": "app.models.recommendation", "message": "No cached user embeddings found, starting with empty embeddings"}
{"timestamp": "2026-06-29T04:32:30.717997", "level": "INFO", "logger": "app.models.recommendation", "message": "Embeddings need to be updated"}
{"timestamp": "2026-06-29T04:32:30.719450", "level": "INFO", "logger": "app.models.recommendation", "message": "No cached product embeddings found, starting with empty embeddings"}
{"timestamp": "2026-06-29T04:32:30.722177", "level": "INFO", "logger": "app.models.recommendation", "message": "No cached user embeddings found, starting with empty embeddings"}
{"timestamp": "2026-06-29T04:32:30.724034", "level": "INFO", "logger": "app.models.recommendation", "message": "Embeddings need to be updated"}
{"timestamp": "2026-06-29T04:32:30.725441", "level": "INFO", "logger": "app.models.recommendation", "message": "No cached product embeddings found, starting with empty embeddings"}
{"timestamp": "2026-06-29T04:32:30.726848", "level": "INFO", "logger": "app.models.recommendation", "message": "No cached user embeddings found, starting with empty embeddings"}
{"timestamp": "2026-06-29T04:32:30.727845", "level": "INFO", "logger": "app.models.recommendation", "message": "Embeddings need to be updated"}
{"timestamp": "2026-06-29T04:32:30.729132", "level": "INFO", "logger": "app.models.recommendation", "message": "No cached product embeddings found, starting with empty embeddings"}
{"timestamp": "2026-06-29T04:32:30.730355", "level": "INFO", "logger": "app.models.recommendation", "message": "No cached user embeddings found, starting with empty embeddings"}
{"timestamp": "2026-06-29T04:32:30.731508", "level": "INFO", "logger": "app.models.recommendation", "message": "Embeddings need to be updated"}
{"timestamp": "2026-06-29T04:32:30.734797", "level": "INFO", "logger": "app.models.recommendation", "message": "No cached product embeddings found, starting with empty embeddings"}
{"timestamp": "2026-06-29T04:32:30.735854", "level": "INFO", "logger": "app.models.recommendation", "message": "No cached user embeddings found, starting with empty embeddings"}
{"timestamp": "2026-06-29T04:32:30.739456", "level": "INFO", "logger": "app.models.recommendation", "message": "Embeddings need to be updated"}
{"timestamp": "2026-06-29T04:32:30.740444", "level": "INFO", "logger": "app.models.recommendation", "message": "No cached product embeddings found, starting with empty embeddings"}
{"timestamp": "2026-06-29T04:32:30.741915", "level": "INFO", "logger": "app.models.recommendation", "message": "No cached user embeddings found, starting with empty embeddings"}
{"timestamp": "2026-06-29T04:32:30.742991", "level": "INFO", "logger": "app.models.recommendation", "message": "Embeddings need to be updated"}
{"timestamp": "2026-06-29T04:32:30.743989", "level": "INFO", "logger": "app.models.recommendation", "message": "No cached product embeddings found, starting with empty embeddings"}
{"timestamp": "2026-06-29T04:32:30.743989", "level": "INFO", "logger": "app.models.recommendation", "message": "No cached user embeddings found, starting with empty embeddings"}
{"timestamp": "2026-06-29T04:32:30.745029", "level": "INFO", "logger": "app.models.recommendation", "message": "Embeddings need to be updated"}
{"timestamp": "2026-06-29T04:32:30.746738", "level": "INFO", "logger": "app.models.recommendation", "message": "No cached product embeddings found, starting with empty embeddings"}
{"timestamp": "2026-06-29T04:32:30.748239", "level": "INFO", "logger": "app.models.recommendation", "message": "No cached user embeddings found, starting with empty embeddings"}
{"timestamp": "2026-06-29T04:32:30.749379", "level": "INFO", "logger": "app.models.recommendation", "message": "Embeddings need to be updated"}
{"timestamp": "2026-06-29T04:32:30.749379", "level": "INFO", "logger": "app.models.recommendation", "message": "No cached product embeddings found, starting with empty embeddings"}
{"timestamp": "2026-06-29T04:32:30.751535", "level": "INFO", "logger": "app.models.recommendation", "message": "No cached user embeddings found, starting with empty embeddings"}
{"timestamp": "2026-06-29T04:32:30.752040", "level": "INFO", "logger": "app.models.recommendation", "message": "Embeddings need to be updated"}
{"timestamp": "2026-06-29T04:32:30.753567", "level": "INFO", "logger": "app.models.recommendation", "message": "No cached product embeddings found, starting with empty embeddings"}
{"timestamp": "2026-06-29T04:32:30.756164", "level": "INFO", "logger": "app.models.recommendation", "message": "No cached user embeddings found, starting with empty embeddings"}
{"timestamp": "2026-06-29T04:32:30.757508", "level": "INFO", "logger": "app.models.recommendation", "message": "Embeddings need to be updated"}
{"timestamp": "2026-06-29T04:32:30.759086", "level": "INFO", "logger": "app.models.recommendation", "message": "No cached product embeddings found, starting with empty embeddings"}
{"timestamp": "2026-06-29T04:32:30.760087", "level": "INFO", "logger": "app.models.recommendation", "message": "No cached user embeddings found, starting with empty embeddings"}
{"timestamp": "2026-06-29T04:32:30.761085", "level": "INFO", "logger": "app.models.recommendation", "message": "Embeddings need to be updated"}
{"timestamp": "2026-06-29T04:32:30.762452", "level": "INFO", "logger": "app.models.recommendation", "message": "No cached product embeddings found, starting with empty embeddings"}
{"timestamp": "2026-06-29T04:32:30.763634", "level": "INFO", "logger": "app.models.recommendation", "message": "No cached user embeddings found, starting with empty embeddings"}
{"timestamp": "2026-06-29T04:32:30.764776", "level": "INFO", "logger": "app.models.recommendation", "message": "Embeddings need to be updated"}
{"timestamp": "2026-06-29T04:32:30.766064", "level": "INFO", "logger": "app.models.recommendation", "message": "No cached product embeddings found, starting with empty embeddings"}
{"timestamp": "2026-06-29T04:32:30.767062", "level": "INFO", "logger": "app.models.recommendation", "message": "No cached user embeddings found, starting with empty embeddings"}
{"timestamp": "2026-06-29T04:32:30.768894", "level": "INFO", "logger": "app.models.recommendation", "message": "Embeddings need to be updated"}
{"timestamp": "2026-06-29T04:32:30.771704", "level": "INFO", "logger": "app.models.recommendation", "message": "No cached product embeddings found, starting with empty embeddings"}
{"timestamp": "2026-06-29T04:32:30.774381", "level": "INFO", "logger": "app.models.recommendation", "message": "No cached user embeddings found, starting with empty embeddings"}
{"timestamp": "2026-06-29T04:32:30.775378", "level": "INFO", "logger": "app.models.recommendation", "message": "Embeddings need to be updated"}
{"timestamp": "2026-06-29T04:32:30.777476", "level": "INFO", "logger": "app.models.recommendation", "message": "No cached product embeddings found, starting with empty embeddings"}
{"timestamp": "2026-06-29T04:32:30.778905", "level": "INFO", "logger": "app.models.recommendation", "message": "No cached user embeddings found, starting with empty embeddings"}
{"timestamp": "2026-06-29T04:32:30.778905", "level": "INFO", "logger": "app.models.recommendation", "message": "Embeddings need to be updated"}
{"timestamp": "2026-06-29T04:32:30.781426", "level": "INFO", "logger": "app.models.recommendation", "message": "No cached product embeddings found, starting with empty embeddings"}
{"timestamp": "2026-06-29T04:32:30.782444", "level": "INFO", "logger": "app.models.recommendation", "message": "No cached user embeddings found, starting with empty embeddings"}
{"timestamp": "2026-06-29T04:32:30.783490", "level": "INFO", "logger": "app.models.recommendation", "message": "Embeddings need to be updated"}
{"timestamp": "2026-06-29T04:32:30.784787", "level": "INFO", "logger": "app.models.recommendation", "message": "No cached product embeddings found, starting with empty embeddings"}
{"timestamp": "2026-06-29T04:32:30.788581", "level": "INFO", "logger": "app.models.recommendation", "message": "No cached user embeddings found, starting with empty embeddings"}
{"timestamp": "2026-06-29T04:32:30.789667", "level": "INFO", "logger": "app.models.recommendation", "message": "Embeddings need to be updated"}
{"timestamp": "2026-06-29T04:32:30.791834", "level": "INFO", "logger": "app.models.recommendation", "message": "No cached product embeddings found, starting with empty embeddings"}
{"timestamp": "2026-06-29T04:32:30.791834", "level": "INFO", "logger": "app.models.recommendation", "message": "No cached user embeddings found, starting with empty embeddings"}
{"timestamp": "2026-06-29T04:32:30.793982", "level": "INFO", "logger": "app.models.recommendation", "message": "Embeddings need to be updated"}
{"timestamp": "2026-06-29T04:32:30.795062", "level": "INFO", "logger": "app.models.recommendation", "message": "No cached product embeddings found, starting with empty embeddings"}
{"timestamp": "2026-06-29T04:32:30.796142", "level": "INFO", "logger": "app.models.recommendation", "message": "No cached user embeddings found, starting with empty embeddings"}
{"timestamp": "2026-06-29T04:32:30.797639", "level": "INFO", "logger": "app.models.recommendation", "message": "Embeddings need to be updated"}
{"timestamp": "2026-06-29T04:32:30.798746", "level": "INFO", "logger": "app.models.recommendation", "message": "No cached product embeddings found, starting with empty embeddings"}
{"timestamp": "2026-06-29T04:32:30.799891", "level": "INFO", "logger": "app.models.recommendation", "message": "No cached user embeddings found, starting with empty embeddings"}
{"timestamp": "2026-06-29T04:32:30.801201", "level": "INFO", "logger": "app.models.recommendation", "message": "Embeddings need to be updated"}
{"timestamp": "2026-06-29T04:32:30.802197", "level": "INFO", "logger": "app.models.recommendation", "message": "No cached product embeddings found, starting with empty embeddings"}
{"timestamp": "2026-06-29T04:32:30.804193", "level": "INFO", "logger": "app.models.recommendation", "message": "No cached user embeddings found, starting with empty embeddings"}
{"timestamp": "2026-06-29T04:32:30.807364", "level": "INFO", "logger": "app.models.recommendation", "message": "Embeddings need to be updated"}
{"timestamp": "2026-06-29T04:32:30.808361", "level": "INFO", "logger": "app.models.recommendation", "message": "No cached product embeddings found, starting with empty embeddings"}
{"timestamp": "2026-06-29T04:32:30.809673", "level": "INFO", "logger": "app.models.recommendation", "message": "No cached user embeddings found, starting with empty embeddings"}
{"timestamp": "2026-06-29T04:32:30.810669", "level": "INFO", "logger": "app.models.recommendation", "message": "Embeddings need to be updated"}
{"timestamp": "2026-06-29T04:32:30.812137", "level": "INFO", "logger": "app.models.recommendation", "message": "No cached product embeddings found, starting with empty embeddings"}
{"timestamp": "2026-06-29T04:32:30.813132", "level": "INFO", "logger": "app.models.recommendation", "message": "No cached user embeddings found, starting with empty embeddings"}
{"timestamp": "2026-06-29T04:32:30.815164", "level": "INFO", "logger": "app.models.recommendation", "message": "Embeddings need to be updated"}
{"timestamp": "2026-06-29T04:32:30.816149", "level": "INFO", "logger": "app.models.recommendation", "message": "No cached product embeddings found, starting with empty embeddings"}
{"timestamp": "2026-06-29T04:32:30.818146", "level": "INFO", "logger": "app.models.recommendation", "message": "No cached user embeddings found, starting with empty embeddings"}
{"timestamp": "2026-06-29T04:32:30.820146", "level": "INFO", "logger": "app.models.recommendation", "message": "Embeddings need to be updated"}
{"timestamp": "2026-06-29T04:32:30.821136", "level": "INFO", "logger": "app.models.recommendation", "message": "No cached product embeddings found, starting with empty embeddings"}
{"timestamp": "2026-06-29T04:32:30.824128", "level": "INFO", "logger": "app.models.recommendation", "message": "No cached user embeddings found, starting with empty embeddings"}
{"timestamp": "2026-06-29T04:32:30.825395", "level": "INFO", "logger": "app.models.recommendation", "message": "Embeddings need to be updated"}
{"timestamp": "2026-06-29T04:32:30.826392", "level": "INFO", "logger": "app.models.recommendation", "message": "No cached product embeddings found, starting with empty embeddings"}
{"timestamp": "2026-06-29T04:32:30.827772", "level": "INFO", "logger": "app.models.recommendation", "message": "No cached user embeddings found, starting with empty embeddings"}
{"timestamp": "2026-06-29T04:32:30.828903", "level": "INFO", "logger": "app.models.recommendation", "message": "Embeddings need to be updated"}
{"timestamp": "2026-06-29T04:32:30.829909", "level": "INFO", "logger": "app.models.recommendation", "message": "No cached product embeddings found, starting with empty embeddings"}
{"timestamp": "2026-06-29T04:32:30.830971", "level": "INFO", "logger": "app.models.recommendation", "message": "No cached user embeddings found, starting with empty embeddings"}
{"timestamp": "2026-06-29T04:32:30.832436", "level": "INFO", "logger": "app.models.recommendation", "message": "Embeddings need to be updated"}
{"timestamp": "2026-06-29T04:32:30.834791", "level": "INFO", "logger": "app.models.recommendation", "message": "No cached product embeddings found, starting with empty embeddings"}
{"timestamp": "2026-06-29T04:32:30.836475", "level": "INFO", "logger": "app.models.recommendation", "message": "No cached user embeddings found, starting with empty embeddings"}
{"timestamp": "2026-06-29T04:32:30.840557", "level": "INFO", "logger": "app.models.recommendation", "message": "Embeddings need to be updated"}
{"timestamp": "2026-06-29T04:32:30.841554", "level": "INFO", "logger": "app.models.recommendation", "message": "No cached product embeddings found, starting with empty embeddings"}
{"timestamp": "2026-06-29T04:32:30.842552", "level": "INFO", "logger": "app.models.recommendation", "message": "No cached user embeddings found, starting with empty embeddings"}
{"timestamp": "2026-06-29T04:32:30.844548", "level": "INFO", "logger": "app.models.recommendation", "message": "Embeddings need to be updated"}
{"timestamp": "2026-06-29T04:32:30.845544", "level": "INFO", "logger": "app.models.recommendation", "message": "No cached product embeddings found, starting with empty embeddings"}
{"timestamp": "2026-06-29T04:32:30.847181", "level": "INFO", "logger": "app.models.recommendation", "message": "No cached user embeddings found, starting with empty embeddings"}
{"timestamp": "2026-06-29T04:32:30.848209", "level": "INFO", "logger": "app.models.recommendation", "message": "Embeddings need to be updated"}
{"timestamp": "2026-06-29T04:32:30.849785", "level": "INFO", "logger": "app.models.recommendation", "message": "No cached product embeddings found, starting with empty embeddings"}
{"timestamp": "2026-06-29T04:32:30.851041", "level": "INFO", "logger": "app.models.recommendation", "message": "No cached user embeddings found, starting with empty embeddings"}
{"timestamp": "2026-06-29T04:32:30.853212", "level": "INFO", "logger": "app.models.recommendation", "message": "Embeddings need to be updated"}
{"timestamp": "2026-06-29T04:32:30.854223", "level": "INFO", "logger": "app.models.recommendation", "message": "No cached product embeddings found, starting with empty embeddings"}
{"timestamp": "2026-06-29T04:32:30.856311", "level": "INFO", "logger": "app.models.recommendation", "message": "No cached user embeddings found, starting with empty embeddings"}
{"timestamp": "2026-06-29T04:32:30.858008", "level": "INFO", "logger": "app.models.recommendation", "message": "Embeddings need to be updated"}
{"timestamp": "2026-06-29T04:32:30.859176", "level": "INFO", "logger": "app.models.recommendation", "message": "No cached product embeddings found, starting with empty embeddings"}
{"timestamp": "2026-06-29T04:32:30.860388", "level": "INFO", "logger": "app.models.recommendation", "message": "No cached user embeddings found, starting with empty embeddings"}
{"timestamp": "2026-06-29T04:32:30.860388", "level": "INFO", "logger": "app.models.recommendation", "message": "Embeddings need to be updated"}
{"timestamp": "2026-06-29T04:32:30.862378", "level": "INFO", "logger": "app.models.recommendation", "message": "No cached product embeddings found, starting with empty embeddings"}
{"timestamp": "2026-06-29T04:32:30.863469", "level": "INFO", "logger": "app.models.recommendation", "message": "No cached user embeddings found, starting with empty embeddings"}
{"timestamp": "2026-06-29T04:32:30.863978", "level": "INFO", "logger": "app.models.recommendation", "message": "Embeddings need to be updated"}
{"timestamp": "2026-06-29T04:32:30.864995", "level": "INFO", "logger": "app.models.recommendation", "message": "No cached product embeddings found, starting with empty embeddings"}
{"timestamp": "2026-06-29T04:32:30.867007", "level": "INFO", "logger": "app.models.recommendation", "message": "No cached user embeddings found, starting with empty embeddings"}
{"timestamp": "2026-06-29T04:32:30.868014", "level": "INFO", "logger": "app.models.recommendation", "message": "Embeddings need to be updated"}
{"timestamp": "2026-06-29T04:32:30.869818", "level": "INFO", "logger": "app.models.recommendation", "message": "No cached product embeddings found, starting with empty embeddings"}
{"timestamp": "2026-06-29T04:32:30.873009", "level": "INFO", "logger": "app.models.recommendation", "message": "No cached user embeddings found, starting with empty embeddings"}
{"timestamp": "2026-06-29T04:32:30.874637", "level": "INFO", "logger": "app.models.recommendation", "message": "Embeddings need to be updated"}
{"timestamp": "2026-06-29T04:32:30.876088", "level": "INFO", "logger": "app.models.recommendation", "message": "No cached product embeddings found, starting with empty embeddings"}
{"timestamp": "2026-06-29T04:32:30.877086", "level": "INFO", "logger": "app.models.recommendation", "message": "No cached user embeddings found, starting with empty embeddings"}
{"timestamp": "2026-06-29T04:32:30.878332", "level": "INFO", "logger": "app.models.recommendation", "message": "Embeddings need to be updated"}
{"timestamp": "2026-06-29T04:32:30.879330", "level": "INFO", "logger": "app.models.recommendation", "message": "No cached product embeddings found, starting with empty embeddings"}
{"timestamp": "2026-06-29T04:32:30.880655", "level": "INFO", "logger": "app.models.recommendation", "message": "No cached user embeddings found, starting with empty embeddings"}
{"timestamp": "2026-06-29T04:32:30.881698", "level": "INFO", "logger": "app.models.recommendation", "message": "Embeddings need to be updated"}
{"timestamp": "2026-06-29T04:32:30.883275", "level": "INFO", "logger": "app.models.recommendation", "message": "No cached product embeddings found, starting with empty embeddings"}
{"timestamp": "2026-06-29T04:32:30.884456", "level": "INFO", "logger": "app.models.recommendation", "message": "No cached user embeddings found, starting with empty embeddings"}
{"timestamp": "2026-06-29T04:32:30.885776", "level": "INFO", "logger": "app.models.recommendation", "message": "Embeddings need to be updated"}
{"timestamp": "2026-06-29T04:32:30.886913", "level": "INFO", "logger": "app.models.recommendation", "message": "No cached product embeddings found, starting with empty embeddings"}
{"timestamp": "2026-06-29T04:32:30.888634", "level": "INFO", "logger": "app.models.recommendation", "message": "No cached user embeddings found, starting with empty embeddings"}
{"timestamp": "2026-06-29T04:32:30.889909", "level": "INFO", "logger": "app.models.recommendation", "message": "Embeddings need to be updated"}
{"timestamp": "2026-06-29T04:32:30.891906", "level": "INFO", "logger": "app.models.recommendation", "message": "No cached product embeddings found, starting with empty embeddings"}
{"timestamp": "2026-06-29T04:32:30.893077", "level": "INFO", "logger": "app.models.recommendation", "message": "No cached user embeddings found, starting with empty embeddings"}
{"timestamp": "2026-06-29T04:32:30.897283", "level": "INFO", "logger": "app.models.recommendation", "message": "Embeddings need to be updated"}
{"timestamp": "2026-06-29T04:32:30.898281", "level": "INFO", "logger": "app.models.recommendation", "message": "No cached product embeddings found, starting with empty embeddings"}
{"timestamp": "2026-06-29T04:32:30.900056", "level": "INFO", "logger": "app.models.recommendation", "message": "No cached user embeddings found, starting with empty embeddings"}
{"timestamp": "2026-06-29T04:32:30.902560", "level": "INFO", "logger": "app.models.recommendation", "message": "Embeddings need to be updated"}
{"timestamp": "2026-06-29T04:32:30.903988", "level": "INFO", "logger": "app.models.recommendation", "message": "No cached product embeddings found, starting with empty embeddings"}
{"timestamp": "2026-06-29T04:32:30.906562", "level": "INFO", "logger": "app.models.recommendation", "message": "No cached user embeddings found, starting with empty embeddings"}
{"timestamp": "2026-06-29T04:32:30.907558", "level": "INFO", "logger": "app.models.recommendation", "message": "Embeddings need to be updated"}
{"timestamp": "2026-06-29T04:32:30.909021", "level": "INFO", "logger": "app.models.recommendation", "message": "No cached product embeddings found, starting with empty embeddings"}
{"timestamp": "2026-06-29T04:32:30.910149", "level": "INFO", "logger": "app.models.recommendation", "message": "No cached user embeddings found, starting with empty embeddings"}
{"timestamp": "2026-06-29T04:32:30.911147", "level": "INFO", "logger": "app.models.recommendation", "message": "Embeddings need to be updated"}
{"timestamp": "2026-06-29T04:32:30.912220", "level": "INFO", "logger": "app.models.recommendation", "message": "No cached product embeddings found, starting with empty embeddings"}
{"timestamp": "2026-06-29T04:32:30.912220", "level": "INFO", "logger": "app.models.recommendation", "message": "No cached user embeddings found, starting with empty embeddings"}
{"timestamp": "2026-06-29T04:32:30.914022", "level": "INFO", "logger": "app.models.recommendation", "message": "Embeddings need to be updated"}
{"timestamp": "2026-06-29T04:32:30.915925", "level": "INFO", "logger": "app.models.recommendation", "message": "No cached product embeddings found, starting with empty embeddings"}
{"timestamp": "2026-06-29T04:32:30.916952", "level": "INFO", "logger": "app.models.recommendation", "message": "No cached user embeddings found, starting with empty embeddings"}
{"timestamp": "2026-06-29T04:32:30.919664", "level": "INFO", "logger": "app.models.recommendation", "message": "Embeddings need to be updated"}
{"timestamp": "2026-06-29T04:32:30.920977", "level": "INFO", "logger": "app.models.recommendation", "message": "No cached product embeddings found, starting with empty embeddings"}
{"timestamp": "2026-06-29T04:32:30.923141", "level": "INFO", "logger": "app.models.recommendation", "message": "No cached user embeddings found, starting with empty embeddings"}
{"timestamp": "2026-06-29T04:32:30.924722", "level": "INFO", "logger": "app.models.recommendation", "message": "Embeddings need to be updated"}
{"timestamp": "2026-06-29T04:32:30.926027", "level": "INFO", "logger": "app.models.recommendation", "message": "No cached product embeddings found, starting with empty embeddings"}
{"timestamp": "2026-06-29T04:32:30.927303", "level": "INFO", "logger": "app.models.recommendation", "message": "No cached user embeddings found, starting with empty embeddings"}
{"timestamp": "2026-06-29T04:32:30.928800", "level": "INFO", "logger": "app.models.recommendation", "message": "Embeddings need to be updated"}
{"timestamp": "2026-06-29T04:32:30.929902", "level": "INFO", "logger": "app.models.recommendation", "message": "No cached product embeddings found, starting with empty embeddings"}
{"timestamp": "2026-06-29T04:32:30.931679", "level": "INFO", "logger": "app.models.recommendation", "message": "No cached user embeddings found, starting with empty embeddings"}
{"timestamp": "2026-06-29T04:32:30.933016", "level": "INFO", "logger": "app.models.recommendation", "message": "Embeddings need to be updated"}
{"timestamp": "2026-06-29T04:32:30.934474", "level": "INFO", "logger": "app.models.recommendation", "message": "No cached product embeddings found, starting with empty embeddings"}
{"timestamp": "2026-06-29T04:32:30.935802", "level": "INFO", "logger": "app.models.recommendation", "message": "No cached user embeddings found, starting with empty embeddings"}
{"timestamp": "2026-06-29T04:32:30.937337", "level": "INFO", "logger": "app.models.recommendation", "message": "Embeddings need to be updated"}
{"timestamp": "2026-06-29T04:32:30.940697", "level": "INFO", "logger": "app.models.recommendation", "message": "No cached product embeddings found, starting with empty embeddings"}
{"timestamp": "2026-06-29T04:32:30.941986", "level": "INFO", "logger": "app.models.recommendation", "message": "No cached user embeddings found, starting with empty embeddings"}
{"timestamp": "2026-06-29T04:32:30.943270", "level": "INFO", "logger": "app.models.recommendation", "message": "Embeddings need to be updated"}
{"timestamp": "2026-06-29T04:32:30.944268", "level": "INFO", "logger": "app.models.recommendation", "message": "No cached product embeddings found, starting with empty embeddings"}
{"timestamp": "2026-06-29T04:32:30.945610", "level": "INFO", "logger": "app.models.recommendation", "message": "No cached user embeddings found, starting with empty embeddings"}
{"timestamp": "2026-06-29T04:32:30.946859", "level": "INFO", "logger": "app.models.recommendation", "message": "Embeddings need to be updated"}
{"timestamp": "2026-06-29T04:32:30.948037", "level": "INFO", "logger": "app.models.recommendation", "message": "No cached product embeddings found, starting with empty embeddings"}
{"timestamp": "2026-06-29T04:32:30.949061", "level": "INFO", "logger": "app.models.recommendation", "message": "No cached user embeddings found, starting with empty embeddings"}
{"timestamp": "2026-06-29T04:32:30.950274", "level": "INFO", "logger": "app.models.recommendation", "message": "Embeddings need to be updated"}
{"timestamp": "2026-06-29T04:32:30.951543", "level": "INFO", "logger": "app.models.recommendation", "message": "No cached product embeddings found, starting with empty embeddings"}
{"timestamp": "2026-06-29T04:32:30.952608", "level": "INFO", "logger": "app.models.recommendation", "message": "No cached user embeddings found, starting with empty embeddings"}
{"timestamp": "2026-06-29T04:32:30.953985", "level": "INFO", "logger": "app.models.recommendation", "message": "Embeddings need to be updated"}
{"timestamp": "2026-06-29T04:32:30.955249", "level": "INFO", "logger": "app.models.recommendation", "message": "No cached product embeddings found, starting with empty embeddings"}
{"timestamp": "2026-06-29T04:32:30.956463", "level": "INFO", "logger": "app.models.recommendation", "message": "No cached user embeddings found, starting with empty embeddings"}
{"timestamp": "2026-06-29T04:32:30.957536", "level": "INFO", "logger": "app.models.recommendation", "message": "Embeddings need to be updated"}
{"timestamp": "2026-06-29T04:32:30.958562", "level": "INFO", "logger": "app.models.recommendation", "message": "No cached product embeddings found, starting with empty embeddings"}
{"timestamp": "2026-06-29T04:32:30.959779", "level": "INFO", "logger": "app.models.recommendation", "message": "No cached user embeddings found, starting with empty embeddings"}
{"timestamp": "2026-06-29T04:32:30.961007", "level": "INFO", "logger": "app.models.recommendation", "message": "Embeddings need to be updated"}
{"timestamp": "2026-06-29T04:32:30.962121", "level": "INFO", "logger": "app.models.recommendation", "message": "No cached product embeddings found, starting with empty embeddings"}
{"timestamp": "2026-06-29T04:32:30.963402", "level": "INFO", "logger": "app.models.recommendation", "message": "No cached user embeddings found, starting with empty embeddings"}
{"timestamp": "2026-06-29T04:32:30.964728", "level": "INFO", "logger": "app.models.recommendation", "message": "Embeddings need to be updated"}
{"timestamp": "2026-06-29T04:32:30.966538", "level": "INFO", "logger": "app.models.recommendation", "message": "No cached product embeddings found, starting with empty embeddings"}
{"timestamp": "2026-06-29T04:32:30.967803", "level": "INFO", "logger": "app.models.recommendation", "message": "No cached user embeddings found, starting with empty embeddings"}
{"timestamp": "2026-06-29T04:32:30.968862", "level": "INFO", "logger": "app.models.recommendation", "message": "Embeddings need to be updated"}
{"timestamp": "2026-06-29T04:32:30.969859", "level": "INFO", "logger": "app.models.recommendation", "message": "No cached product embeddings found, starting with empty embeddings"}
{"timestamp": "2026-06-29T04:32:30.972396", "level": "INFO", "logger": "app.models.recommendation", "message": "No cached user embeddings found, starting with empty embeddings"}
{"timestamp": "2026-06-29T04:32:30.974314", "level": "INFO", "logger": "app.models.recommendation", "message": "Embeddings need to be updated"}
{"timestamp": "2026-06-29T04:32:30.975553", "level": "INFO", "logger": "app.models.recommendation", "message": "No cached product embeddings found, starting with empty embeddings"}
{"timestamp": "2026-06-29T04:32:30.976615", "level": "INFO", "logger": "app.models.recommendation", "message": "No cached user embeddings found, starting with empty embeddings"}
{"timestamp": "2026-06-29T04:32:30.978044", "level": "INFO", "logger": "app.models.recommendation", "message": "Embeddings need to be updated"}
{"timestamp": "2026-06-29T04:32:30.979041", "level": "INFO", "logger": "app.models.recommendation", "message": "No cached product embeddings found, starting with empty embeddings"}
{"timestamp": "2026-06-29T04:32:30.980527", "level": "INFO", "logger": "app.models.recommendation", "message": "No cached user embeddings found, starting with empty embeddings"}
{"timestamp": "2026-06-29T04:32:30.981033", "level": "INFO", "logger": "app.models.recommendation", "message": "Embeddings need to be updated"}
{"timestamp": "2026-06-29T04:32:30.982439", "level": "INFO", "logger": "app.models.recommendation", "message": "No cached product embeddings found, starting with empty embeddings"}
{"timestamp": "2026-06-29T04:32:30.984748", "level": "INFO", "logger": "app.models.recommendation", "message": "No cached user embeddings found, starting with empty embeddings"}
{"timestamp": "2026-06-29T04:32:30.985955", "level": "INFO", "logger": "app.models.recommendation", "message": "Embeddings need to be updated"}
{"timestamp": "2026-06-29T04:32:30.988092", "level": "INFO", "logger": "app.models.recommendation", "message": "No cached product embeddings found, starting with empty embeddings"}
{"timestamp": "2026-06-29T04:32:30.990093", "level": "INFO", "logger": "app.models.recommendation", "message": "No cached user embeddings found, starting with empty embeddings"}
{"timestamp": "2026-06-29T04:32:30.992148", "level": "INFO", "logger": "app.models.recommendation", "message": "Embeddings need to be updated"}
{"timestamp": "2026-06-29T04:32:30.993145", "level": "INFO", "logger": "app.models.recommendation", "message": "No cached product embeddings found, starting with empty embeddings"}
{"timestamp": "2026-06-29T04:32:30.994277", "level": "INFO", "logger": "app.models.recommendation", "message": "No cached user embeddings found, starting with empty embeddings"}
{"timestamp": "2026-06-29T04:32:30.996077", "level": "INFO", "logger": "app.models.recommendation", "message": "Embeddings need to be updated"}
{"timestamp": "2026-06-29T04:32:30.997321", "level": "INFO", "logger": "app.models.recommendation", "message": "No cached product embeddings found, starting with empty embeddings"}
{"timestamp": "2026-06-29T04:32:30.999077", "level": "INFO", "logger": "app.models.recommendation", "message": "No cached user embeddings found, starting with empty embeddings"}
{"timestamp": "2026-06-29T04:32:31.000156", "level": "INFO", "logger": "app.models.recommendation", "message": "Embeddings need to be updated"}
{"timestamp": "2026-06-29T04:32:31.002487", "level": "INFO", "logger": "app.models.recommendation", "message": "No cached product embeddings found, starting with empty embeddings"}
{"timestamp": "2026-06-29T04:32:31.003565", "level": "INFO", "logger": "app.models.recommendation", "message": "No cached user embeddings found, starting with empty embeddings"}
{"timestamp": "2026-06-29T04:32:31.004562", "level": "INFO", "logger": "app.models.recommendation", "message": "Embeddings need to be updated"}
{"timestamp": "2026-06-29T04:32:31.006348", "level": "INFO", "logger": "app.models.recommendation", "message": "No cached product embeddings found, starting with empty embeddings"}
{"timestamp": "2026-06-29T04:32:31.008466", "level": "INFO", "logger": "app.models.recommendation", "message": "No cached user embeddings found, starting with empty embeddings"}
{"timestamp": "2026-06-29T04:32:31.009471", "level": "INFO", "logger": "app.models.recommendation", "message": "Embeddings need to be updated"}
{"timestamp": "2026-06-29T04:32:31.010634", "level": "INFO", "logger": "app.models.recommendation", "message": "No cached product embeddings found, starting with empty embeddings"}
{"timestamp": "2026-06-29T04:32:31.012106", "level": "INFO", "logger": "app.models.recommendation", "message": "No cached user embeddings found, starting with empty embeddings"}
{"timestamp": "2026-06-29T04:32:31.013960", "level": "INFO", "logger": "app.models.recommendation", "message": "Embeddings need to be updated"}
{"timestamp": "2026-06-29T04:32:31.016108", "level": "INFO", "logger": "app.models.recommendation", "message": "No cached product embeddings found, starting with empty embeddings"}
{"timestamp": "2026-06-29T04:32:31.017493", "level": "INFO", "logger": "app.models.recommendation", "message": "No cached user embeddings found, starting with empty embeddings"}
{"timestamp": "2026-06-29T04:32:31.018612", "level": "INFO", "logger": "app.models.recommendation", "message": "Embeddings need to be updated"}
{"timestamp": "2026-06-29T04:32:31.020331", "level": "INFO", "logger": "app.models.recommendation", "message": "No cached product embeddings found, starting with empty embeddings"}
{"timestamp": "2026-06-29T04:32:31.023340", "level": "INFO", "logger": "app.models.recommendation", "message": "No cached user embeddings found, starting with empty embeddings"}
{"timestamp": "2026-06-29T04:32:31.024330", "level": "INFO", "logger": "app.models.recommendation", "message": "Embeddings need to be updated"}
{"timestamp": "2026-06-29T04:32:31.026322", "level": "INFO", "logger": "app.models.recommendation", "message": "No cached product embeddings found, starting with empty embeddings"}
{"timestamp": "2026-06-29T04:32:31.027320", "level": "INFO", "logger": "app.models.recommendation", "message": "No cached user embeddings found, starting with empty embeddings"}
{"timestamp": "2026-06-29T04:32:31.028318", "level": "INFO", "logger": "app.models.recommendation", "message": "Embeddings need to be updated"}
{"timestamp": "2026-06-29T04:32:31.029625", "level": "INFO", "logger": "app.models.recommendation", "message": "No cached product embeddings found, starting with empty embeddings"}
{"timestamp": "2026-06-29T04:32:31.030726", "level": "INFO", "logger": "app.models.recommendation", "message": "No cached user embeddings found, starting with empty embeddings"}
{"timestamp": "2026-06-29T04:32:31.032719", "level": "INFO", "logger": "app.models.recommendation", "message": "Embeddings need to be updated"}
{"timestamp": "2026-06-29T04:32:31.034166", "level": "INFO", "logger": "app.models.recommendation", "message": "No cached product embeddings found, starting with empty embeddings"}
{"timestamp": "2026-06-29T04:32:31.036161", "level": "INFO", "logger": "app.models.recommendation", "message": "No cached user embeddings found, starting with empty embeddings"}
{"timestamp": "2026-06-29T04:32:31.038257", "level": "INFO", "logger": "app.models.recommendation", "message": "Embeddings need to be updated"}
{"timestamp": "2026-06-29T04:32:31.041245", "level": "INFO", "logger": "app.models.recommendation", "message": "No cached product embeddings found, starting with empty embeddings"}
{"timestamp": "2026-06-29T04:32:31.042242", "level": "INFO", "logger": "app.models.recommendation", "message": "No cached user embeddings found, starting with empty embeddings"}
{"timestamp": "2026-06-29T04:32:31.043639", "level": "INFO", "logger": "app.models.recommendation", "message": "Embeddings need to be updated"}
{"timestamp": "2026-06-29T04:32:31.045895", "level": "INFO", "logger": "app.models.recommendation", "message": "No cached product embeddings found, starting with empty embeddings"}
{"timestamp": "2026-06-29T04:32:31.046893", "level": "INFO", "logger": "app.models.recommendation", "message": "No cached user embeddings found, starting with empty embeddings"}
{"timestamp": "2026-06-29T04:32:31.048331", "level": "INFO", "logger": "app.models.recommendation", "message": "Embeddings need to be updated"}
{"timestamp": "2026-06-29T04:32:31.049765", "level": "INFO", "logger": "app.models.recommendation", "message": "No cached product embeddings found, starting with empty embeddings"}
{"timestamp": "2026-06-29T04:32:31.051849", "level": "INFO", "logger": "app.models.recommendation", "message": "No cached user embeddings found, starting with empty embeddings"}
{"timestamp": "2026-06-29T04:32:31.052982", "level": "INFO", "logger": "app.models.recommendation", "message": "Embeddings need to be updated"}
{"timestamp": "2026-06-29T04:32:31.053979", "level": "INFO", "logger": "app.models.recommendation", "message": "No cached product embeddings found, starting with empty embeddings"}
{"timestamp": "2026-06-29T04:32:31.055636", "level": "INFO", "logger": "app.models.recommendation", "message": "No cached user embeddings found, starting with empty embeddings"}
{"timestamp": "2026-06-29T04:32:31.057650", "level": "INFO", "logger": "app.models.recommendation", "message": "Embeddings need to be updated"}
{"timestamp": "2026-06-29T04:32:31.058973", "level": "INFO", "logger": "app.models.recommendation", "message": "No cached product embeddings found, starting with empty embeddings"}
{"timestamp": "2026-06-29T04:32:31.059971", "level": "INFO", "logger": "app.models.recommendation", "message": "No cached user embeddings found, starting with empty embeddings"}
{"timestamp": "2026-06-29T04:32:31.060969", "level": "INFO", "logger": "app.models.recommendation", "message": "Embeddings need to be updated"}
{"timestamp": "2026-06-29T04:32:31.062923", "level": "INFO", "logger": "app.models.recommendation", "message": "No cached product embeddings found, starting with empty embeddings"}
{"timestamp": "2026-06-29T04:32:31.064840", "level": "INFO", "logger": "app.models.recommendation", "message": "No cached user embeddings found, starting with empty embeddings"}
{"timestamp": "2026-06-29T04:32:31.065859", "level": "INFO", "logger": "app.models.recommendation", "message": "Embeddings need to be updated"}
{"timestamp": "2026-06-29T04:32:31.067079", "level": "INFO", "logger": "app.models.recommendation", "message": "No cached product embeddings found, starting with empty embeddings"}
{"timestamp": "2026-06-29T04:32:31.068077", "level": "INFO", "logger": "app.models.recommendation", "message": "No cached user embeddings found, starting with empty embeddings"}
{"timestamp": "2026-06-29T04:32:31.070530", "level": "INFO", "logger": "app.models.recommendation", "message": "Embeddings need to be updated"}
{"timestamp": "2026-06-29T04:32:31.071538", "level": "INFO", "logger": "app.models.recommendation", "message": "No cached product embeddings found, starting with empty embeddings"}
{"timestamp": "2026-06-29T04:32:31.073068", "level": "INFO", "logger": "app.models.recommendation", "message": "No cached user embeddings found, starting with empty embeddings"}
{"timestamp": "2026-06-29T04:32:31.075427", "level": "INFO", "logger": "app.models.recommendation", "message": "Embeddings need to be updated"}
{"timestamp": "2026-06-29T04:32:31.076556", "level": "INFO", "logger": "app.models.recommendation", "message": "No cached product embeddings found, starting with empty embeddings"}
{"timestamp": "2026-06-29T04:32:31.078551", "level": "INFO", "logger": "app.models.recommendation", "message": "No cached user embeddings found, starting with empty embeddings"}
{"timestamp": "2026-06-29T04:32:31.079662", "level": "INFO", "logger": "app.models.recommendation", "message": "Embeddings need to be updated"}
{"timestamp": "2026-06-29T04:32:31.081663", "level": "INFO", "logger": "app.models.recommendation", "message": "No cached product embeddings found, starting with empty embeddings"}
{"timestamp": "2026-06-29T04:32:31.082660", "level": "INFO", "logger": "app.models.recommendation", "message": "No cached user embeddings found, starting with empty embeddings"}
{"timestamp": "2026-06-29T04:32:31.083658", "level": "INFO", "logger": "app.models.recommendation", "message": "Embeddings need to be updated"}
{"timestamp": "2026-06-29T04:32:31.086068", "level": "INFO", "logger": "app.models.recommendation", "message": "No cached product embeddings found, starting with empty embeddings"}
{"timestamp": "2026-06-29T04:32:31.087071", "level": "INFO", "logger": "app.models.recommendation", "message": "No cached user embeddings found, starting with empty embeddings"}
{"timestamp": "2026-06-29T04:32:31.089640", "level": "INFO", "logger": "app.models.recommendation", "message": "Embeddings need to be updated"}
{"timestamp": "2026-06-29T04:32:31.091912", "level": "INFO", "logger": "app.models.recommendation", "message": "No cached product embeddings found, starting with empty embeddings"}
{"timestamp": "2026-06-29T04:32:31.093422", "level": "INFO", "logger": "app.models.recommendation", "message": "No cached user embeddings found, starting with empty embeddings"}
{"timestamp": "2026-06-29T04:32:31.095444", "level": "INFO", "logger": "app.models.recommendation", "message": "Embeddings need to be updated"}
{"timestamp": "2026-06-29T04:32:31.096658", "level": "INFO", "logger": "app.models.recommendation", "message": "No cached product embeddings found, starting with empty embeddings"}
{"timestamp": "2026-06-29T04:32:31.098662", "level": "INFO", "logger": "app.models.recommendation", "message": "No cached user embeddings found, starting with empty embeddings"}
{"timestamp": "2026-06-29T04:32:31.099719", "level": "INFO", "logger": "app.models.recommendation", "message": "Embeddings need to be updated"}
{"timestamp": "2026-06-29T04:32:31.101727", "level": "INFO", "logger": "app.models.recommendation", "message": "No cached product embeddings found, starting with empty embeddings"}
{"timestamp": "2026-06-29T04:32:31.102723", "level": "INFO", "logger": "app.models.recommendation", "message": "No cached user embeddings found, starting with empty embeddings"}
{"timestamp": "2026-06-29T04:32:31.103723", "level": "INFO", "logger": "app.models.recommendation", "message": "Embeddings need to be updated"}
{"timestamp": "2026-06-29T04:32:31.105716", "level": "INFO", "logger": "app.models.recommendation", "message": "No cached product embeddings found, starting with empty embeddings"}
{"timestamp": "2026-06-29T04:32:31.106713", "level": "INFO", "logger": "app.models.recommendation", "message": "No cached user embeddings found, starting with empty embeddings"}
{"timestamp": "2026-06-29T04:32:31.107710", "level": "INFO", "logger": "app.models.recommendation", "message": "Embeddings need to be updated"}
{"timestamp": "2026-06-29T04:32:31.108708", "level": "INFO", "logger": "app.models.recommendation", "message": "No cached product embeddings found, starting with empty embeddings"}
{"timestamp": "2026-06-29T04:32:31.109705", "level": "INFO", "logger": "app.models.recommendation", "message": "No cached user embeddings found, starting with empty embeddings"}
{"timestamp": "2026-06-29T04:32:31.110210", "level": "INFO", "logger": "app.models.recommendation", "message": "Embeddings need to be updated"}
{"timestamp": "2026-06-29T04:32:31.111211", "level": "INFO", "logger": "app.models.recommendation", "message": "No cached product embeddings found, starting with empty embeddings"}
{"timestamp": "2026-06-29T04:32:31.112209", "level": "INFO", "logger": "app.models.recommendation", "message": "No cached user embeddings found, starting with empty embeddings"}
{"timestamp": "2026-06-29T04:32:31.113206", "level": "INFO", "logger": "app.models.recommendation", "message": "Embeddings need to be updated"}
{"timestamp": "2026-06-29T04:32:31.113206", "level": "INFO", "logger": "app.models.recommendation", "message": "No cached product embeddings found, starting with empty embeddings"}
{"timestamp": "2026-06-29T04:32:31.114204", "level": "INFO", "logger": "app.models.recommendation", "message": "No cached user embeddings found, starting with empty embeddings"}
{"timestamp": "2026-06-29T04:32:31.115201", "level": "INFO", "logger": "app.models.recommendation", "message": "Embeddings need to be updated"}
{"timestamp": "2026-06-29T04:32:31.116198", "level": "INFO", "logger": "app.models.recommendation", "message": "No cached product embeddings found, starting with empty embeddings"}
{"timestamp": "2026-06-29T04:32:31.117195", "level": "INFO", "logger": "app.models.recommendation", "message": "No cached user embeddings found, starting with empty embeddings"}
{"timestamp": "2026-06-29T04:32:31.119191", "level": "INFO", "logger": "app.models.recommendation", "message": "Embeddings need to be updated"}
{"timestamp": "2026-06-29T04:32:31.120188", "level": "INFO", "logger": "app.models.recommendation", "message": "No cached product embeddings found, starting with empty embeddings"}
{"timestamp": "2026-06-29T04:32:31.122931", "level": "INFO", "logger": "app.models.recommendation", "message": "No cached user embeddings found, starting with empty embeddings"}
{"timestamp": "2026-06-29T04:32:31.124122", "level": "INFO", "logger": "app.models.recommendation", "message": "Embeddings need to be updated"}
{"timestamp": "2026-06-29T04:32:31.125451", "level": "INFO", "logger": "app.models.recommendation", "message": "No cached product embeddings found, starting with empty embeddings"}
{"timestamp": "2026-06-29T04:32:31.127606", "level": "INFO", "logger": "app.models.recommendation", "message": "No cached user embeddings found, starting with empty embeddings"}
{"timestamp": "2026-06-29T04:32:31.128603", "level": "INFO", "logger": "app.models.recommendation", "message": "Embeddings need to be updated"}
{"timestamp": "2026-06-29T04:32:31.130599", "level": "INFO", "logger": "app.models.recommendation", "message": "No cached product embeddings found, starting with empty embeddings"}
{"timestamp": "2026-06-29T04:32:31.131596", "level": "INFO", "logger": "app.models.recommendation", "message": "No cached user embeddings found, starting with empty embeddings"}
{"timestamp": "2026-06-29T04:32:31.133590", "level": "INFO", "logger": "app.models.recommendation", "message": "Embeddings need to be updated"}
{"timestamp": "2026-06-29T04:32:31.134586", "level": "INFO", "logger": "app.models.recommendation", "message": "No cached product embeddings found, starting with empty embeddings"}
{"timestamp": "2026-06-29T04:32:31.136737", "level": "INFO", "logger": "app.models.recommendation", "message": "No cached user embeddings found, starting with empty embeddings"}
{"timestamp": "2026-06-29T04:32:31.137734", "level": "INFO", "logger": "app.models.recommendation", "message": "Embeddings need to be updated"}
{"timestamp": "2026-06-29T04:32:31.141000", "level": "INFO", "logger": "app.models.recommendation", "message": "No cached product embeddings found, starting with empty embeddings"}
{"timestamp": "2026-06-29T04:32:31.142993", "level": "INFO", "logger": "app.models.recommendation", "message": "No cached user embeddings found, starting with empty embeddings"}
{"timestamp": "2026-06-29T04:32:31.144988", "level": "INFO", "logger": "app.models.recommendation", "message": "Embeddings need to be updated"}
{"timestamp": "2026-06-29T04:32:31.145986", "level": "INFO", "logger": "app.models.recommendation", "message": "No cached product embeddings found, starting with empty embeddings"}
{"timestamp": "2026-06-29T04:32:31.147980", "level": "INFO", "logger": "app.models.recommendation", "message": "No cached user embeddings found, starting with empty embeddings"}
{"timestamp": "2026-06-29T04:32:31.148978", "level": "INFO", "logger": "app.models.recommendation", "message": "Embeddings need to be updated"}
{"timestamp": "2026-06-29T04:32:31.150972", "level": "INFO", "logger": "app.models.recommendation", "message": "No cached product embeddings found, starting with empty embeddings"}
{"timestamp": "2026-06-29T04:32:31.152966", "level": "INFO", "logger": "app.models.recommendation", "message": "No cached user embeddings found, starting with empty embeddings"}
{"timestamp": "2026-06-29T04:32:31.153964", "level": "INFO", "logger": "app.models.recommendation", "message": "Embeddings need to be updated"}
{"timestamp": "2026-06-29T04:32:31.154960", "level": "INFO", "logger": "app.models.recommendation", "message": "No cached product embeddings found, starting with empty embeddings"}
{"timestamp": "2026-06-29T04:32:31.156960", "level": "INFO", "logger": "app.models.recommendation", "message": "No cached user embeddings found, starting with empty embeddings"}
{"timestamp": "2026-06-29T04:32:31.157974", "level": "INFO", "logger": "app.models.recommendation", "message": "Embeddings need to be updated"}
{"timestamp": "2026-06-29T04:32:31.159959", "level": "INFO", "logger": "app.models.recommendation", "message": "No cached product embeddings found, starting with empty embeddings"}
{"timestamp": "2026-06-29T04:32:31.161947", "level": "INFO", "logger": "app.models.recommendation", "message": "No cached user embeddings found, starting with empty embeddings"}
{"timestamp": "2026-06-29T04:32:31.163942", "level": "INFO", "logger": "app.models.recommendation", "message": "Embeddings need to be updated"}
{"timestamp": "2026-06-29T04:32:31.167935", "level": "INFO", "logger": "app.models.recommendation", "message": "No cached product embeddings found, starting with empty embeddings"}
{"timestamp": "2026-06-29T04:32:31.172987", "level": "INFO", "logger": "app.models.recommendation", "message": "No cached user embeddings found, starting with empty embeddings"}
{"timestamp": "2026-06-29T04:32:31.175449", "level": "INFO", "logger": "app.models.recommendation", "message": "Embeddings need to be updated"}
{"timestamp": "2026-06-29T04:32:31.176834", "level": "INFO", "logger": "app.models.recommendation", "message": "No cached product embeddings found, starting with empty embeddings"}
{"timestamp": "2026-06-29T04:32:31.178773", "level": "INFO", "logger": "app.models.recommendation", "message": "No cached user embeddings found, starting with empty embeddings"}
{"timestamp": "2026-06-29T04:32:31.179940", "level": "INFO", "logger": "app.models.recommendation", "message": "Embeddings need to be updated"}
{"timestamp": "2026-06-29T04:32:31.181293", "level": "INFO", "logger": "app.models.recommendation", "message": "No cached product embeddings found, starting with empty embeddings"}
{"timestamp": "2026-06-29T04:32:31.183356", "level": "INFO", "logger": "app.models.recommendation", "message": "No cached user embeddings found, starting with empty embeddings"}
{"timestamp": "2026-06-29T04:32:31.184411", "level": "INFO", "logger": "app.models.recommendation", "message": "Embeddings need to be updated"}
{"timestamp": "2026-06-29T04:32:31.186993", "level": "INFO", "logger": "app.models.recommendation", "message": "No cached product embeddings found, starting with empty embeddings"}
{"timestamp": "2026-06-29T04:32:31.187989", "level": "INFO", "logger": "app.models.recommendation", "message": "No cached user embeddings found, starting with empty embeddings"}
{"timestamp": "2026-06-29T04:32:31.190990", "level": "INFO", "logger": "app.models.recommendation", "message": "Embeddings need to be updated"}
{"timestamp": "2026-06-29T04:32:31.193516", "level": "INFO", "logger": "app.models.recommendation", "message": "No cached product embeddings found, starting with empty embeddings"}
{"timestamp": "2026-06-29T04:32:31.194611", "level": "INFO", "logger": "app.models.recommendation", "message": "No cached user embeddings found, starting with empty embeddings"}
{"timestamp": "2026-06-29T04:32:31.196289", "level": "INFO", "logger": "app.models.recommendation", "message": "Embeddings need to be updated"}
{"timestamp": "2026-06-29T04:32:31.198049", "level": "INFO", "logger": "app.models.recommendation", "message": "No cached product embeddings found, starting with empty embeddings"}
{"timestamp": "2026-06-29T04:32:31.200049", "level": "INFO", "logger": "app.models.recommendation", "message": "No cached user embeddings found, starting with empty embeddings"}
{"timestamp": "2026-06-29T04:32:31.201046", "level": "INFO", "logger": "app.models.recommendation", "message": "Embeddings need to be updated"}
{"timestamp": "2026-06-29T04:32:31.203893", "level": "INFO", "logger": "app.models.recommendation", "message": "No cached product embeddings found, starting with empty embeddings"}
{"timestamp": "2026-06-29T04:32:31.204885", "level": "INFO", "logger": "app.models.recommendation", "message": "No cached user embeddings found, starting with empty embeddings"}
{"timestamp": "2026-06-29T04:32:31.205883", "level": "INFO", "logger": "app.models.recommendation", "message": "Embeddings need to be updated"}
{"timestamp": "2026-06-29T04:32:31.207877", "level": "INFO", "logger": "app.models.recommendation", "message": "No cached product embeddings found, starting with empty embeddings"}
{"timestamp": "2026-06-29T04:32:31.208878", "level": "INFO", "logger": "app.models.recommendation", "message": "No cached user embeddings found, starting with empty embeddings"}
{"timestamp": "2026-06-29T04:32:31.209876", "level": "INFO", "logger": "app.models.recommendation", "message": "Embeddings need to be updated"}
{"timestamp": "2026-06-29T04:32:31.212032", "level": "INFO", "logger": "app.models.recommendation", "message": "No cached product embeddings found, starting with empty embeddings"}
{"timestamp": "2026-06-29T04:32:31.213029", "level": "INFO", "logger": "app.models.recommendation", "message": "No cached user embeddings found, starting with empty embeddings"}
{"timestamp": "2026-06-29T04:32:31.214161", "level": "INFO", "logger": "app.models.recommendation", "message": "Embeddings need to be updated"}
{"timestamp": "2026-06-29T04:32:31.215388", "level": "INFO", "logger": "app.models.recommendation", "message": "No cached product embeddings found, starting with empty embeddings"}
{"timestamp": "2026-06-29T04:32:31.216718", "level": "INFO", "logger": "app.models.recommendation", "message": "No cached user embeddings found, starting with empty embeddings"}
{"timestamp": "2026-06-29T04:32:31.218076", "level": "INFO", "logger": "app.models.recommendation", "message": "Embeddings need to be updated"}
{"timestamp": "2026-06-29T04:32:31.220091", "level": "INFO", "logger": "app.models.recommendation", "message": "No cached product embeddings found, starting with empty embeddings"}
{"timestamp": "2026-06-29T04:32:31.222071", "level": "INFO", "logger": "app.models.recommendation", "message": "No cached user embeddings found, starting with empty embeddings"}
{"timestamp": "2026-06-29T04:32:31.223604", "level": "INFO", "logger": "app.models.recommendation", "message": "Embeddings need to be updated"}
{"timestamp": "2026-06-29T04:32:31.225877", "level": "INFO", "logger": "app.models.recommendation", "message": "No cached product embeddings found, starting with empty embeddings"}
{"timestamp": "2026-06-29T04:32:31.227007", "level": "INFO", "logger": "app.models.recommendation", "message": "No cached user embeddings found, starting with empty embeddings"}
{"timestamp": "2026-06-29T04:32:31.229001", "level": "INFO", "logger": "app.models.recommendation", "message": "Embeddings need to be updated"}
{"timestamp": "2026-06-29T04:32:31.230002", "level": "INFO", "logger": "app.models.recommendation", "message": "No cached product embeddings found, starting with empty embeddings"}
{"timestamp": "2026-06-29T04:32:31.230995", "level": "INFO", "logger": "app.models.recommendation", "message": "No cached user embeddings found, starting with empty embeddings"}
{"timestamp": "2026-06-29T04:32:31.232506", "level": "INFO", "logger": "app.models.recommendation", "message": "Embeddings need to be updated"}
{"timestamp": "2026-06-29T04:32:31.234543", "level": "INFO", "logger": "app.models.recommendation", "message": "No cached product embeddings found, starting with empty embeddings"}
{"timestamp": "2026-06-29T04:32:31.235541", "level": "INFO", "logger": "app.models.recommendation", "message": "No cached user embeddings found, starting with empty embeddings"}
{"timestamp": "2026-06-29T04:32:31.237535", "level": "INFO", "logger": "app.models.recommendation", "message": "Embeddings need to be updated"}
{"timestamp": "2026-06-29T04:32:31.238532", "level": "INFO", "logger": "app.models.recommendation", "message": "No cached product embeddings found, starting with empty embeddings"}
{"timestamp": "2026-06-29T04:32:31.242066", "level": "INFO", "logger": "app.models.recommendation", "message": "No cached user embeddings found, starting with empty embeddings"}
{"timestamp": "2026-06-29T04:32:31.243080", "level": "INFO", "logger": "app.models.recommendation", "message": "Embeddings need to be updated"}
{"timestamp": "2026-06-29T04:32:31.244065", "level": "INFO", "logger": "app.models.recommendation", "message": "No cached product embeddings found, starting with empty embeddings"}
{"timestamp": "2026-06-29T04:32:31.246060", "level": "INFO", "logger": "app.models.recommendation", "message": "No cached user embeddings found, starting with empty embeddings"}
{"timestamp": "2026-06-29T04:32:31.247057", "level": "INFO", "logger": "app.models.recommendation", "message": "Embeddings need to be updated"}
{"timestamp": "2026-06-29T04:32:31.248055", "level": "INFO", "logger": "app.models.recommendation", "message": "No cached product embeddings found, starting with empty embeddings"}
{"timestamp": "2026-06-29T04:32:31.249053", "level": "INFO", "logger": "app.models.recommendation", "message": "No cached user embeddings found, starting with empty embeddings"}
{"timestamp": "2026-06-29T04:32:31.250050", "level": "INFO", "logger": "app.models.recommendation", "message": "Embeddings need to be updated"}
{"timestamp": "2026-06-29T04:32:31.252044", "level": "INFO", "logger": "app.models.recommendation", "message": "No cached product embeddings found, starting with empty embeddings"}
{"timestamp": "2026-06-29T04:32:31.254039", "level": "INFO", "logger": "app.models.recommendation", "message": "No cached user embeddings found, starting with empty embeddings"}
{"timestamp": "2026-06-29T04:32:31.255041", "level": "INFO", "logger": "app.models.recommendation", "message": "Embeddings need to be updated"}
{"timestamp": "2026-06-29T04:32:31.256033", "level": "INFO", "logger": "app.models.recommendation", "message": "No cached product embeddings found, starting with empty embeddings"}
{"timestamp": "2026-06-29T04:32:31.257035", "level": "INFO", "logger": "app.models.recommendation", "message": "No cached user embeddings found, starting with empty embeddings"}
{"timestamp": "2026-06-29T04:32:31.259029", "level": "INFO", "logger": "app.models.recommendation", "message": "Embeddings need to be updated"}
{"timestamp": "2026-06-29T04:32:31.260027", "level": "INFO", "logger": "app.models.recommendation", "message": "No cached product embeddings found, starting with empty embeddings"}
{"timestamp": "2026-06-29T04:32:31.262021", "level": "INFO", "logger": "app.models.recommendation", "message": "No cached user embeddings found, starting with empty embeddings"}
{"timestamp": "2026-06-29T04:32:31.263019", "level": "INFO", "logger": "app.models.recommendation", "message": "Embeddings need to be updated"}
{"timestamp": "2026-06-29T04:32:31.265013", "level": "INFO", "logger": "app.models.recommendation", "message": "No cached product embeddings found, starting with empty embeddings"}
{"timestamp": "2026-06-29T04:32:31.266010", "level": "INFO", "logger": "app.models.recommendation", "message": "No cached user embeddings found, starting with empty embeddings"}
{"timestamp": "2026-06-29T04:32:31.267008", "level": "INFO", "logger": "app.models.recommendation", "message": "Embeddings need to be updated"}
{"timestamp": "2026-06-29T04:32:31.268017", "level": "INFO", "logger": "app.models.recommendation", "message": "No cached product embeddings found, starting with empty embeddings"}
{"timestamp": "2026-06-29T04:32:31.270001", "level": "INFO", "logger": "app.models.recommendation", "message": "No cached user embeddings found, starting with empty embeddings"}
{"timestamp": "2026-06-29T04:32:31.271512", "level": "INFO", "logger": "app.models.recommendation", "message": "Embeddings need to be updated"}
{"timestamp": "2026-06-29T04:32:31.274509", "level": "INFO", "logger": "app.models.recommendation", "message": "No cached product embeddings found, starting with empty embeddings"}
{"timestamp": "2026-06-29T04:32:31.274509", "level": "INFO", "logger": "app.models.recommendation", "message": "No cached user embeddings found, starting with empty embeddings"}
{"timestamp": "2026-06-29T04:32:31.276504", "level": "INFO", "logger": "app.models.recommendation", "message": "Embeddings need to be updated"}
{"timestamp": "2026-06-29T04:32:31.279495", "level": "INFO", "logger": "app.models.recommendation", "message": "No cached product embeddings found, starting with empty embeddings"}
{"timestamp": "2026-06-29T04:32:31.280493", "level": "INFO", "logger": "app.models.recommendation", "message": "No cached user embeddings found, starting with empty embeddings"}
{"timestamp": "2026-06-29T04:32:31.281501", "level": "INFO", "logger": "app.models.recommendation", "message": "Embeddings need to be updated"}
{"timestamp": "2026-06-29T04:32:31.282489", "level": "INFO", "logger": "app.models.recommendation", "message": "No cached product embeddings found, starting with empty embeddings"}
{"timestamp": "2026-06-29T04:32:31.284484", "level": "INFO", "logger": "app.models.recommendation", "message": "No cached user embeddings found, starting with empty embeddings"}
{"timestamp": "2026-06-29T04:32:31.285482", "level": "INFO", "logger": "app.models.recommendation", "message": "Embeddings need to be updated"}
{"timestamp": "2026-06-29T04:32:31.287475", "level": "INFO", "logger": "app.models.recommendation", "message": "No cached product embeddings found, starting with empty embeddings"}
{"timestamp": "2026-06-29T04:32:31.289491", "level": "INFO", "logger": "app.models.recommendation", "message": "No cached user embeddings found, starting with empty embeddings"}
{"timestamp": "2026-06-29T04:32:31.291462", "level": "INFO", "logger": "app.models.recommendation", "message": "Embeddings need to be updated"}
{"timestamp": "2026-06-29T04:32:31.292461", "level": "INFO", "logger": "app.models.recommendation", "message": "No cached product embeddings found, starting with empty embeddings"}
{"timestamp": "2026-06-29T04:32:31.294456", "level": "INFO", "logger": "app.models.recommendation", "message": "No cached user embeddings found, starting with empty embeddings"}
{"timestamp": "2026-06-29T04:32:31.295452", "level": "INFO", "logger": "app.models.recommendation", "message": "Embeddings need to be updated"}
{"timestamp": "2026-06-29T04:32:31.296450", "level": "INFO", "logger": "app.models.recommendation", "message": "No cached product embeddings found, starting with empty embeddings"}
{"timestamp": "2026-06-29T04:32:31.297448", "level": "INFO", "logger": "app.models.recommendation", "message": "No cached user embeddings found, starting with empty embeddings"}
{"timestamp": "2026-06-29T04:32:31.298445", "level": "INFO", "logger": "app.models.recommendation", "message": "Embeddings need to be updated"}
{"timestamp": "2026-06-29T04:32:31.300440", "level": "INFO", "logger": "app.models.recommendation", "message": "No cached product embeddings found, starting with empty embeddings"}
{"timestamp": "2026-06-29T04:32:31.301437", "level": "INFO", "logger": "app.models.recommendation", "message": "No cached user embeddings found, starting with empty embeddings"}
{"timestamp": "2026-06-29T04:32:31.302435", "level": "INFO", "logger": "app.models.recommendation", "message": "Embeddings need to be updated"}
{"timestamp": "2026-06-29T04:32:31.303431", "level": "INFO", "logger": "app.models.recommendation", "message": "No cached product embeddings found, starting with empty embeddings"}
{"timestamp": "2026-06-29T04:32:31.304429", "level": "INFO", "logger": "app.models.recommendation", "message": "No cached user embeddings found, starting with empty embeddings"}
{"timestamp": "2026-06-29T04:32:31.306423", "level": "INFO", "logger": "app.models.recommendation", "message": "Embeddings need to be updated"}
{"timestamp": "2026-06-29T04:32:31.308419", "level": "INFO", "logger": "app.models.recommendation", "message": "No cached product embeddings found, starting with empty embeddings"}
{"timestamp": "2026-06-29T04:32:31.309428", "level": "INFO", "logger": "app.models.recommendation", "message": "No cached user embeddings found, starting with empty embeddings"}
{"timestamp": "2026-06-29T04:32:31.310419", "level": "INFO", "logger": "app.models.recommendation", "message": "Embeddings need to be updated"}
{"timestamp": "2026-06-29T04:32:31.312414", "level": "INFO", "logger": "app.models.recommendation", "message": "No cached product embeddings found, starting with empty embeddings"}
{"timestamp": "2026-06-29T04:32:31.313411", "level": "INFO", "logger": "app.models.recommendation", "message": "No cached user embeddings found, starting with empty embeddings"}
{"timestamp": "2026-06-29T04:32:31.314408", "level": "INFO", "logger": "app.models.recommendation", "message": "Embeddings need to be updated"}
{"timestamp": "2026-06-29T04:32:31.315405", "level": "INFO", "logger": "app.models.recommendation", "message": "No cached product embeddings found, starting with empty embeddings"}
{"timestamp": "2026-06-29T04:32:31.316402", "level": "INFO", "logger": "app.models.recommendation", "message": "No cached user embeddings found, starting with empty embeddings"}
{"timestamp": "2026-06-29T04:32:31.318397", "level": "INFO", "logger": "app.models.recommendation", "message": "Embeddings need to be updated"}
{"timestamp": "2026-06-29T04:32:31.319396", "level": "INFO", "logger": "app.models.recommendation", "message": "No cached product embeddings found, starting with empty embeddings"}
{"timestamp": "2026-06-29T04:32:31.320392", "level": "INFO", "logger": "app.models.recommendation", "message": "No cached user embeddings found, starting with empty embeddings"}
{"timestamp": "2026-06-29T04:32:31.322391", "level": "INFO", "logger": "app.models.recommendation", "message": "Embeddings need to be updated"}
{"timestamp": "2026-06-29T04:32:31.324908", "level": "INFO", "logger": "app.models.recommendation", "message": "No cached product embeddings found, starting with empty embeddings"}
{"timestamp": "2026-06-29T04:32:31.325905", "level": "INFO", "logger": "app.models.recommendation", "message": "No cached user embeddings found, starting with empty embeddings"}
{"timestamp": "2026-06-29T04:32:31.329894", "level": "INFO", "logger": "app.models.recommendation", "message": "Embeddings need to be updated"}
{"timestamp": "2026-06-29T04:32:31.331082", "level": "INFO", "logger": "app.models.recommendation", "message": "No cached product embeddings found, starting with empty embeddings"}
{"timestamp": "2026-06-29T04:32:31.332162", "level": "INFO", "logger": "app.models.recommendation", "message": "No cached user embeddings found, starting with empty embeddings"}
{"timestamp": "2026-06-29T04:32:31.333195", "level": "INFO", "logger": "app.models.recommendation", "message": "Embeddings need to be updated"}
{"timestamp": "2026-06-29T04:32:31.334560", "level": "INFO", "logger": "app.models.recommendation", "message": "No cached product embeddings found, starting with empty embeddings"}
{"timestamp": "2026-06-29T04:32:31.336567", "level": "INFO", "logger": "app.models.recommendation", "message": "No cached user embeddings found, starting with empty embeddings"}
{"timestamp": "2026-06-29T04:32:31.338037", "level": "INFO", "logger": "app.models.recommendation", "message": "Embeddings need to be updated"}
{"timestamp": "2026-06-29T04:32:31.340088", "level": "INFO", "logger": "app.models.recommendation", "message": "No cached product embeddings found, starting with empty embeddings"}
{"timestamp": "2026-06-29T04:32:31.342536", "level": "INFO", "logger": "app.models.recommendation", "message": "No cached user embeddings found, starting with empty embeddings"}
{"timestamp": "2026-06-29T04:32:31.343682", "level": "INFO", "logger": "app.models.recommendation", "message": "Embeddings need to be updated"}
{"timestamp": "2026-06-29T04:32:31.344686", "level": "INFO", "logger": "app.models.recommendation", "message": "No cached product embeddings found, starting with empty embeddings"}
{"timestamp": "2026-06-29T04:32:31.346163", "level": "INFO", "logger": "app.models.recommendation", "message": "No cached user embeddings found, starting with empty embeddings"}
{"timestamp": "2026-06-29T04:32:31.348112", "level": "INFO", "logger": "app.models.recommendation", "message": "Embeddings need to be updated"}
{"timestamp": "2026-06-29T04:32:31.349118", "level": "INFO", "logger": "app.models.recommendation", "message": "No cached product embeddings found, starting with empty embeddings"}
{"timestamp": "2026-06-29T04:32:31.350670", "level": "INFO", "logger": "app.models.recommendation", "message": "No cached user embeddings found, starting with empty embeddings"}
{"timestamp": "2026-06-29T04:32:31.352024", "level": "INFO", "logger": "app.models.recommendation", "message": "Embeddings need to be updated"}
{"timestamp": "2026-06-29T04:32:31.353171", "level": "INFO", "logger": "app.models.recommendation", "message": "No cached product embeddings found, starting with empty embeddings"}
{"timestamp": "2026-06-29T04:32:31.355532", "level": "INFO", "logger": "app.models.recommendation", "message": "No cached user embeddings found, starting with empty embeddings"}
{"timestamp": "2026-06-29T04:32:31.356979", "level": "INFO", "logger": "app.models.recommendation", "message": "Embeddings need to be updated"}
{"timestamp": "2026-06-29T04:32:31.358093", "level": "INFO", "logger": "app.models.recommendation", "message": "No cached product embeddings found, starting with empty embeddings"}
{"timestamp": "2026-06-29T04:32:31.359097", "level": "INFO", "logger": "app.models.recommendation", "message": "No cached user embeddings found, starting with empty embeddings"}
{"timestamp": "2026-06-29T04:32:31.360609", "level": "INFO", "logger": "app.models.recommendation", "message": "Embeddings need to be updated"}
{"timestamp": "2026-06-29T04:32:31.362700", "level": "INFO", "logger": "app.models.recommendation", "message": "No cached product embeddings found, starting with empty embeddings"}
{"timestamp": "2026-06-29T04:32:31.363716", "level": "INFO", "logger": "app.models.recommendation", "message": "No cached user embeddings found, starting with empty embeddings"}
{"timestamp": "2026-06-29T04:32:31.365236", "level": "INFO", "logger": "app.models.recommendation", "message": "Embeddings need to be updated"}
{"timestamp": "2026-06-29T04:32:31.367223", "level": "INFO", "logger": "app.models.recommendation", "message": "No cached product embeddings found, starting with empty embeddings"}
{"timestamp": "2026-06-29T04:32:31.368353", "level": "INFO", "logger": "app.models.recommendation", "message": "No cached user embeddings found, starting with empty embeddings"}
{"timestamp": "2026-06-29T04:32:31.369634", "level": "INFO", "logger": "app.models.recommendation", "message": "Embeddings need to be updated"}
{"timestamp": "2026-06-29T04:32:31.371742", "level": "INFO", "logger": "app.models.recommendation", "message": "No cached product embeddings found, starting with empty embeddings"}
{"timestamp": "2026-06-29T04:32:31.374384", "level": "INFO", "logger": "app.models.recommendation", "message": "No cached user embeddings found, starting with empty embeddings"}
{"timestamp": "2026-06-29T04:32:31.375382", "level": "INFO", "logger": "app.models.recommendation", "message": "Embeddings need to be updated"}
{"timestamp": "2026-06-29T04:32:31.376378", "level": "INFO", "logger": "app.models.recommendation", "message": "No cached product embeddings found, starting with empty embeddings"}
{"timestamp": "2026-06-29T04:32:31.377498", "level": "INFO", "logger": "app.models.recommendation", "message": "No cached user embeddings found, starting with empty embeddings"}
{"timestamp": "2026-06-29T04:32:31.379992", "level": "INFO", "logger": "app.models.recommendation", "message": "Embeddings need to be updated"}
{"timestamp": "2026-06-29T04:32:31.380994", "level": "INFO", "logger": "app.models.recommendation", "message": "No cached product embeddings found, starting with empty embeddings"}
{"timestamp": "2026-06-29T04:32:31.382214", "level": "INFO", "logger": "app.models.recommendation", "message": "No cached user embeddings found, starting with empty embeddings"}
{"timestamp": "2026-06-29T04:32:31.384585", "level": "INFO", "logger": "app.models.recommendation", "message": "Embeddings need to be updated"}
{"timestamp": "2026-06-29T04:32:31.385641", "level": "INFO", "logger": "app.models.recommendation", "message": "No cached product embeddings found, starting with empty embeddings"}
{"timestamp": "2026-06-29T04:32:31.387961", "level": "INFO", "logger": "app.models.recommendation", "message": "No cached user embeddings found, starting with empty embeddings"}
{"timestamp": "2026-06-29T04:32:31.390985", "level": "INFO", "logger": "app.models.recommendation", "message": "Embeddings need to be updated"}
{"timestamp": "2026-06-29T04:32:31.392950", "level": "INFO", "logger": "app.models.recommendation", "message": "No cached product embeddings found, starting with empty embeddings"}
{"timestamp": "2026-06-29T04:32:31.394064", "level": "INFO", "logger": "app.models.recommendation", "message": "No cached user embeddings found, starting with empty embeddings"}
{"timestamp": "2026-06-29T04:32:31.395235", "level": "INFO", "logger": "app.models.recommendation", "message": "Embeddings need to be updated"}
{"timestamp": "2026-06-29T04:32:31.397455", "level": "INFO", "logger": "app.models.recommendation", "message": "No cached product embeddings found, starting with empty embeddings"}
{"timestamp": "2026-06-29T04:32:31.397960", "level": "INFO", "logger": "app.models.recommendation", "message": "No cached user embeddings found, starting with empty embeddings"}
{"timestamp": "2026-06-29T04:32:31.399974", "level": "INFO", "logger": "app.models.recommendation", "message": "Embeddings need to be updated"}
{"timestamp": "2026-06-29T04:32:31.400956", "level": "INFO", "logger": "app.models.recommendation", "message": "No cached product embeddings found, starting with empty embeddings"}
{"timestamp": "2026-06-29T04:32:31.403947", "level": "INFO", "logger": "app.models.recommendation", "message": "No cached user embeddings found, starting with empty embeddings"}
{"timestamp": "2026-06-29T04:32:31.405943", "level": "INFO", "logger": "app.models.recommendation", "message": "Embeddings need to be updated"}
{"timestamp": "2026-06-29T04:32:31.406940", "level": "INFO", "logger": "app.models.recommendation", "message": "No cached product embeddings found, starting with empty embeddings"}
{"timestamp": "2026-06-29T04:32:31.407937", "level": "INFO", "logger": "app.models.recommendation", "message": "No cached user embeddings found, starting with empty embeddings"}
{"timestamp": "2026-06-29T04:32:31.408934", "level": "INFO", "logger": "app.models.recommendation", "message": "Embeddings need to be updated"}
{"timestamp": "2026-06-29T04:32:31.409936", "level": "INFO", "logger": "app.models.recommendation", "message": "No cached product embeddings found, starting with empty embeddings"}
{"timestamp": "2026-06-29T04:32:31.410929", "level": "INFO", "logger": "app.models.recommendation", "message": "No cached user embeddings found, starting with empty embeddings"}
{"timestamp": "2026-06-29T04:32:31.411926", "level": "INFO", "logger": "app.models.recommendation", "message": "Embeddings need to be updated"}
{"timestamp": "2026-06-29T04:32:31.412924", "level": "INFO", "logger": "app.models.recommendation", "message": "No cached product embeddings found, starting with empty embeddings"}
{"timestamp": "2026-06-29T04:32:31.414929", "level": "INFO", "logger": "app.models.recommendation", "message": "No cached user embeddings found, starting with empty embeddings"}
{"timestamp": "2026-06-29T04:32:31.415928", "level": "INFO", "logger": "app.models.recommendation", "message": "Embeddings need to be updated"}
{"timestamp": "2026-06-29T04:32:31.416916", "level": "INFO", "logger": "app.models.recommendation", "message": "No cached product embeddings found, starting with empty embeddings"}
{"timestamp": "2026-06-29T04:32:31.419906", "level": "INFO", "logger": "app.models.recommendation", "message": "No cached user embeddings found, starting with empty embeddings"}
{"timestamp": "2026-06-29T04:32:31.420903", "level": "INFO", "logger": "app.models.recommendation", "message": "Embeddings need to be updated"}
{"timestamp": "2026-06-29T04:32:31.422907", "level": "INFO", "logger": "app.models.recommendation", "message": "No cached product embeddings found, starting with empty embeddings"}
{"timestamp": "2026-06-29T04:32:31.424891", "level": "INFO", "logger": "app.models.recommendation", "message": "No cached user embeddings found, starting with empty embeddings"}
{"timestamp": "2026-06-29T04:32:31.425890", "level": "INFO", "logger": "app.models.recommendation", "message": "Embeddings need to be updated"}
{"timestamp": "2026-06-29T04:32:31.426886", "level": "INFO", "logger": "app.models.recommendation", "message": "No cached product embeddings found, starting with empty embeddings"}
{"timestamp": "2026-06-29T04:32:31.428258", "level": "INFO", "logger": "app.models.recommendation", "message": "No cached user embeddings found, starting with empty embeddings"}
{"timestamp": "2026-06-29T04:32:31.430255", "level": "INFO", "logger": "app.models.recommendation", "message": "Embeddings need to be updated"}
{"timestamp": "2026-06-29T04:32:31.431254", "level": "INFO", "logger": "app.models.recommendation", "message": "No cached product embeddings found, starting with empty embeddings"}
{"timestamp": "2026-06-29T04:32:31.433245", "level": "INFO", "logger": "app.models.recommendation", "message": "No cached user embeddings found, starting with empty embeddings"}
{"timestamp": "2026-06-29T04:32:31.435242", "level": "INFO", "logger": "app.models.recommendation", "message": "Embeddings need to be updated"}
{"timestamp": "2026-06-29T04:32:31.436238", "level": "INFO", "logger": "app.models.recommendation", "message": "No cached product embeddings found, starting with empty embeddings"}
{"timestamp": "2026-06-29T04:32:31.438232", "level": "INFO", "logger": "app.models.recommendation", "message": "No cached user embeddings found, starting with empty embeddings"}
{"timestamp": "2026-06-29T04:32:31.440938", "level": "INFO", "logger": "app.models.recommendation", "message": "Embeddings need to be updated"}
{"timestamp": "2026-06-29T04:32:31.442399", "level": "INFO", "logger": "app.models.recommendation", "message": "No cached product embeddings found, starting with empty embeddings"}
{"timestamp": "2026-06-29T04:32:31.443615", "level": "INFO", "logger": "app.models.recommendation", "message": "No cached user embeddings found, starting with empty embeddings"}
{"timestamp": "2026-06-29T04:32:31.444955", "level": "INFO", "logger": "app.models.recommendation", "message": "Embeddings need to be updated"}
{"timestamp": "2026-06-29T04:32:31.446949", "level": "INFO", "logger": "app.models.recommendation", "message": "No cached product embeddings found, starting with empty embeddings"}
{"timestamp": "2026-06-29T04:32:31.447951", "level": "INFO", "logger": "app.models.recommendation", "message": "No cached user embeddings found, starting with empty embeddings"}
{"timestamp": "2026-06-29T04:32:31.449570", "level": "INFO", "logger": "app.models.recommendation", "message": "Embeddings need to be updated"}
{"timestamp": "2026-06-29T04:32:31.450614", "level": "INFO", "logger": "app.models.recommendation", "message": "No cached product embeddings found, starting with empty embeddings"}
{"timestamp": "2026-06-29T04:32:31.452609", "level": "INFO", "logger": "app.models.recommendation", "message": "No cached user embeddings found, starting with empty embeddings"}
{"timestamp": "2026-06-29T04:32:31.453799", "level": "INFO", "logger": "app.models.recommendation", "message": "Embeddings need to be updated"}
{"timestamp": "2026-06-29T04:32:31.455238", "level": "INFO", "logger": "app.models.recommendation", "message": "No cached product embeddings found, starting with empty embeddings"}
{"timestamp": "2026-06-29T04:32:31.457205", "level": "INFO", "logger": "app.models.recommendation", "message": "No cached user embeddings found, starting with empty embeddings"}
{"timestamp": "2026-06-29T04:32:31.458206", "level": "INFO", "logger": "app.models.recommendation", "message": "Embeddings need to be updated"}
{"timestamp": "2026-06-29T04:32:31.460212", "level": "INFO", "logger": "app.models.recommendation", "message": "No cached product embeddings found, starting with empty embeddings"}
{"timestamp": "2026-06-29T04:32:31.461689", "level": "INFO", "logger": "app.models.recommendation", "message": "No cached user embeddings found, starting with empty embeddings"}
{"timestamp": "2026-06-29T04:32:31.462684", "level": "INFO", "logger": "app.models.recommendation", "message": "Embeddings need to be updated"}
{"timestamp": "2026-06-29T04:32:31.464680", "level": "INFO", "logger": "app.models.recommendation", "message": "No cached product embeddings found, starting with empty embeddings"}
{"timestamp": "2026-06-29T04:32:31.465676", "level": "INFO", "logger": "app.models.recommendation", "message": "No cached user embeddings found, starting with empty embeddings"}
{"timestamp": "2026-06-29T04:32:31.466674", "level": "INFO", "logger": "app.models.recommendation", "message": "Embeddings need to be updated"}
{"timestamp": "2026-06-29T04:32:31.467672", "level": "INFO", "logger": "app.models.recommendation", "message": "No cached product embeddings found, starting with empty embeddings"}
{"timestamp": "2026-06-29T04:32:31.470664", "level": "INFO", "logger": "app.models.recommendation", "message": "No cached user embeddings found, starting with empty embeddings"}
{"timestamp": "2026-06-29T04:32:31.473196", "level": "INFO", "logger": "app.models.recommendation", "message": "Embeddings need to be updated"}
{"timestamp": "2026-06-29T04:32:31.474964", "level": "INFO", "logger": "app.models.recommendation", "message": "No cached product embeddings found, starting with empty embeddings"}
{"timestamp": "2026-06-29T04:32:31.476434", "level": "INFO", "logger": "app.models.recommendation", "message": "No cached user embeddings found, starting with empty embeddings"}
{"timestamp": "2026-06-29T04:32:31.477442", "level": "INFO", "logger": "app.models.recommendation", "message": "Embeddings need to be updated"}
{"timestamp": "2026-06-29T04:32:31.478439", "level": "INFO", "logger": "app.models.recommendation", "message": "No cached product embeddings found, starting with empty embeddings"}
{"timestamp": "2026-06-29T04:32:31.479616", "level": "INFO", "logger": "app.models.recommendation", "message": "No cached user embeddings found, starting with empty embeddings"}
{"timestamp": "2026-06-29T04:32:31.480774", "level": "INFO", "logger": "app.models.recommendation", "message": "Embeddings need to be updated"}
{"timestamp": "2026-06-29T04:32:31.481881", "level": "INFO", "logger": "app.models.recommendation", "message": "No cached product embeddings found, starting with empty embeddings"}
{"timestamp": "2026-06-29T04:32:31.483124", "level": "INFO", "logger": "app.models.recommendation", "message": "No cached user embeddings found, starting with empty embeddings"}
{"timestamp": "2026-06-29T04:32:31.484122", "level": "INFO", "logger": "app.models.recommendation", "message": "Embeddings need to be updated"}
{"timestamp": "2026-06-29T04:32:31.486907", "level": "INFO", "logger": "app.models.recommendation", "message": "No cached product embeddings found, starting with empty embeddings"}
{"timestamp": "2026-06-29T04:32:31.488018", "level": "INFO", "logger": "app.models.recommendation", "message": "No cached user embeddings found, starting with empty embeddings"}
{"timestamp": "2026-06-29T04:32:31.491279", "level": "INFO", "logger": "app.models.recommendation", "message": "Embeddings need to be updated"}
{"timestamp": "2026-06-29T04:32:31.492876", "level": "INFO", "logger": "app.models.recommendation", "message": "No cached product embeddings found, starting with empty embeddings"}
{"timestamp": "2026-06-29T04:32:31.493878", "level": "INFO", "logger": "app.models.recommendation", "message": "No cached user embeddings found, starting with empty embeddings"}
{"timestamp": "2026-06-29T04:32:31.495276", "level": "INFO", "logger": "app.models.recommendation", "message": "Embeddings need to be updated"}
{"timestamp": "2026-06-29T04:32:31.496833", "level": "INFO", "logger": "app.models.recommendation", "message": "No cached product embeddings found, starting with empty embeddings"}
{"timestamp": "2026-06-29T04:32:31.498220", "level": "INFO", "logger": "app.models.recommendation", "message": "No cached user embeddings found, starting with empty embeddings"}
{"timestamp": "2026-06-29T04:32:31.499481", "level": "INFO", "logger": "app.models.recommendation", "message": "Embeddings need to be updated"}
{"timestamp": "2026-06-29T04:32:31.501942", "level": "INFO", "logger": "app.models.recommendation", "message": "No cached product embeddings found, starting with empty embeddings"}
{"timestamp": "2026-06-29T04:32:31.503455", "level": "INFO", "logger": "app.models.recommendation", "message": "No cached user embeddings found, starting with empty embeddings"}
{"timestamp": "2026-06-29T04:32:31.504459", "level": "INFO", "logger": "app.models.recommendation", "message": "Embeddings need to be updated"}
{"timestamp": "2026-06-29T04:32:31.505887", "level": "INFO", "logger": "app.models.recommendation", "message": "No cached product embeddings found, starting with empty embeddings"}
{"timestamp": "2026-06-29T04:32:31.507059", "level": "INFO", "logger": "app.models.recommendation", "message": "No cached user embeddings found, starting with empty embeddings"}
{"timestamp": "2026-06-29T04:32:31.509373", "level": "INFO", "logger": "app.models.recommendation", "message": "Embeddings need to be updated"}
{"timestamp": "2026-06-29T04:32:31.510376", "level": "INFO", "logger": "app.models.recommendation", "message": "No cached product embeddings found, starting with empty embeddings"}
{"timestamp": "2026-06-29T04:32:31.511674", "level": "INFO", "logger": "app.models.recommendation", "message": "No cached user embeddings found, starting with empty embeddings"}
{"timestamp": "2026-06-29T04:32:31.512901", "level": "INFO", "logger": "app.models.recommendation", "message": "Embeddings need to be updated"}
{"timestamp": "2026-06-29T04:32:31.514066", "level": "INFO", "logger": "app.models.recommendation", "message": "No cached product embeddings found, starting with empty embeddings"}
{"timestamp": "2026-06-29T04:32:31.515282", "level": "INFO", "logger": "app.models.recommendation", "message": "No cached user embeddings found, starting with empty embeddings"}
{"timestamp": "2026-06-29T04:32:31.516408", "level": "INFO", "logger": "app.models.recommendation", "message": "Embeddings need to be updated"}
{"timestamp": "2026-06-29T04:32:31.517633", "level": "INFO", "logger": "app.models.recommendation", "message": "No cached product embeddings found, starting with empty embeddings"}
{"timestamp": "2026-06-29T04:32:31.520166", "level": "INFO", "logger": "app.models.recommendation", "message": "No cached user embeddings found, starting with empty embeddings"}
{"timestamp": "2026-06-29T04:32:31.521424", "level": "INFO", "logger": "app.models.recommendation", "message": "Embeddings need to be updated"}
{"timestamp": "2026-06-29T04:32:31.524545", "level": "INFO", "logger": "app.models.recommendation", "message": "No cached product embeddings found, starting with empty embeddings"}
{"timestamp": "2026-06-29T04:32:31.524545", "level": "INFO", "logger": "app.models.recommendation", "message": "No cached user embeddings found, starting with empty embeddings"}
{"timestamp": "2026-06-29T04:32:31.526934", "level": "INFO", "logger": "app.models.recommendation", "message": "Embeddings need to be updated"}
{"timestamp": "2026-06-29T04:32:31.527440", "level": "INFO", "logger": "app.models.recommendation", "message": "No cached product embeddings found, starting with empty embeddings"}
{"timestamp": "2026-06-29T04:32:31.529147", "level": "INFO", "logger": "app.models.recommendation", "message": "No cached user embeddings found, starting with empty embeddings"}
{"timestamp": "2026-06-29T04:32:31.530541", "level": "INFO", "logger": "app.models.recommendation", "message": "Embeddings need to be updated"}
{"timestamp": "2026-06-29T04:32:31.532050", "level": "INFO", "logger": "app.models.recommendation", "message": "No cached product embeddings found, starting with empty embeddings"}
{"timestamp": "2026-06-29T04:32:31.533052", "level": "INFO", "logger": "app.models.recommendation", "message": "No cached user embeddings found, starting with empty embeddings"}
{"timestamp": "2026-06-29T04:32:31.534375", "level": "INFO", "logger": "app.models.recommendation", "message": "Embeddings need to be updated"}
{"timestamp": "2026-06-29T04:32:31.535600", "level": "INFO", "logger": "app.models.recommendation", "message": "No cached product embeddings found, starting with empty embeddings"}
{"timestamp": "2026-06-29T04:32:31.536915", "level": "INFO", "logger": "app.models.recommendation", "message": "No cached user embeddings found, starting with empty embeddings"}
{"timestamp": "2026-06-29T04:32:31.538414", "level": "INFO", "logger": "app.models.recommendation", "message": "Embeddings need to be updated"}
{"timestamp": "2026-06-29T04:32:31.541322", "level": "INFO", "logger": "app.models.recommendation", "message": "No cached product embeddings found, starting with empty embeddings"}
{"timestamp": "2026-06-29T04:32:31.543922", "level": "INFO", "logger": "app.models.recommendation", "message": "No cached user embeddings found, starting with empty embeddings"}
{"timestamp": "2026-06-29T04:32:31.545310", "level": "INFO", "logger": "app.models.recommendation", "message": "Embeddings need to be updated"}
{"timestamp": "2026-06-29T04:32:31.545815", "level": "INFO", "logger": "app.models.recommendation", "message": "No cached product embeddings found, starting with empty embeddings"}
{"timestamp": "2026-06-29T04:32:31.547820", "level": "INFO", "logger": "app.models.recommendation", "message": "No cached user embeddings found, starting with empty embeddings"}
{"timestamp": "2026-06-29T04:32:31.549333", "level": "INFO", "logger": "app.models.recommendation", "message": "Embeddings need to be updated"}
{"timestamp": "2026-06-29T04:32:31.558845", "level": "ERROR", "logger": "app.models.recommendation", "message": "Failed to initialize recommendation engine: maximum recursion depth exceeded"}
{"timestamp": "2026-06-29T04:32:31.558845", "level": "ERROR", "logger": "app.models.recommendation", "message": "Failed to initialize recommendation engine: maximum recursion depth exceeded"}
{"timestamp": "2026-06-29T04:32:31.560308", "level": "ERROR", "logger": "app.models.recommendation", "message": "Failed to initialize recommendation engine: maximum recursion depth exceeded"}
{"timestamp": "2026-06-29T04:32:31.560814", "level": "ERROR", "logger": "app.models.recommendation", "message": "Failed to initialize recommendation engine: maximum recursion depth exceeded"}
{"timestamp": "2026-06-29T04:32:31.562482", "level": "ERROR", "logger": "app.models.recommendation", "message": "Failed to initialize recommendation engine: maximum recursion depth exceeded"}
{"timestamp": "2026-06-29T04:32:31.563507", "level": "ERROR", "logger": "app.models.recommendation", "message": "Failed to initialize recommendation engine: maximum recursion depth exceeded"}
{"timestamp": "2026-06-29T04:32:31.563507", "level": "ERROR", "logger": "app.models.recommendation", "message": "Failed to initialize recommendation engine: maximum recursion depth exceeded"}
{"timestamp": "2026-06-29T04:32:31.564862", "level": "ERROR", "logger": "app.models.recommendation", "message": "Failed to initialize recommendation engine: maximum recursion depth exceeded"}
{"timestamp": "2026-06-29T04:32:31.564862", "level": "ERROR", "logger": "app.models.recommendation", "message": "Failed to initialize recommendation engine: maximum recursion depth exceeded"}
{"timestamp": "2026-06-29T04:32:31.566353", "level": "ERROR", "logger": "app.models.recommendation", "message": "Failed to initialize recommendation engine: maximum recursion depth exceeded"}
{"timestamp": "2026-06-29T04:32:31.568222", "level": "ERROR", "logger": "app.models.recommendation", "message": "Failed to initialize recommendation engine: maximum recursion depth exceeded"}
{"timestamp": "2026-06-29T04:32:31.568222", "level": "ERROR", "logger": "app.models.recommendation", "message": "Failed to initialize recommendation engine: maximum recursion depth exceeded"}
{"timestamp": "2026-06-29T04:32:31.570170", "level": "ERROR", "logger": "app.models.recommendation", "message": "Failed to initialize recommendation engine: maximum recursion depth exceeded"}
{"timestamp": "2026-06-29T04:32:31.571682", "level": "ERROR", "logger": "app.models.recommendation", "message": "Failed to initialize recommendation engine: maximum recursion depth exceeded"}
{"timestamp": "2026-06-29T04:32:31.572694", "level": "ERROR", "logger": "app.models.recommendation", "message": "Failed to initialize recommendation engine: maximum recursion depth exceeded"}
{"timestamp": "2026-06-29T04:32:31.574079", "level": "ERROR", "logger": "app.models.recommendation", "message": "Failed to initialize recommendation engine: maximum recursion depth exceeded"}
{"timestamp": "2026-06-29T04:32:31.576126", "level": "ERROR", "logger": "app.models.recommendation", "message": "Failed to initialize recommendation engine: maximum recursion depth exceeded"}
{"timestamp": "2026-06-29T04:32:31.577162", "level": "ERROR", "logger": "app.models.recommendation", "message": "Failed to initialize recommendation engine: maximum recursion depth exceeded"}
{"timestamp": "2026-06-29T04:32:31.578160", "level": "ERROR", "logger": "app.models.recommendation", "message": "Failed to initialize recommendation engine: maximum recursion depth exceeded"}
{"timestamp": "2026-06-29T04:32:31.579263", "level": "ERROR", "logger": "app.models.recommendation", "message": "Failed to initialize recommendation engine: maximum recursion depth exceeded"}
{"timestamp": "2026-06-29T04:32:31.579770", "level": "ERROR", "logger": "app.models.recommendation", "message": "Failed to initialize recommendation engine: maximum recursion depth exceeded"}
{"timestamp": "2026-06-29T04:32:31.581361", "level": "ERROR", "logger": "app.models.recommendation", "message": "Failed to initialize recommendation engine: maximum recursion depth exceeded"}
{"timestamp": "2026-06-29T04:32:31.582388", "level": "ERROR", "logger": "app.models.recommendation", "message": "Failed to initialize recommendation engine: maximum recursion depth exceeded"}
{"timestamp": "2026-06-29T04:32:31.583487", "level": "ERROR", "logger": "app.models.recommendation", "message": "Failed to initialize recommendation engine: maximum recursion depth exceeded"}
{"timestamp": "2026-06-29T04:32:31.583487", "level": "ERROR", "logger": "app.models.recommendation", "message": "Failed to initialize recommendation engine: maximum recursion depth exceeded"}
{"timestamp": "2026-06-29T04:32:31.584815", "level": "ERROR", "logger": "app.models.recommendation", "message": "Failed to initialize recommendation engine: maximum recursion depth exceeded"}
{"timestamp": "2026-06-29T04:32:31.587155", "level": "ERROR", "logger": "app.models.recommendation", "message": "Failed to initialize recommendation engine: maximum recursion depth exceeded"}
{"timestamp": "2026-06-29T04:32:31.588141", "level": "ERROR", "logger": "app.models.recommendation", "message": "Failed to initialize recommendation engine: maximum recursion depth exceeded"}
{"timestamp": "2026-06-29T04:32:31.589380", "level": "ERROR", "logger": "app.models.recommendation", "message": "Failed to initialize recommendation engine: maximum recursion depth exceeded"}
{"timestamp": "2026-06-29T04:32:31.590509", "level": "ERROR", "logger": "app.models.recommendation", "message": "Failed to initialize recommendation engine: maximum recursion depth exceeded"}
{"timestamp": "2026-06-29T04:32:31.591557", "level": "ERROR", "logger": "app.models.recommendation", "message": "Failed to initialize recommendation engine: maximum recursion depth exceeded"}
{"timestamp": "2026-06-29T04:32:31.592640", "level": "ERROR", "logger": "app.models.recommendation", "message": "Failed to initialize recommendation engine: maximum recursion depth exceeded"}
{"timestamp": "2026-06-29T04:32:31.593638", "level": "ERROR", "logger": "app.models.recommendation", "message": "Failed to initialize recommendation engine: maximum recursion depth exceeded"}
{"timestamp": "2026-06-29T04:32:31.595152", "level": "ERROR", "logger": "app.models.recommendation", "message": "Failed to initialize recommendation engine: maximum recursion depth exceeded"}
{"timestamp": "2026-06-29T04:32:31.596256", "level": "ERROR", "logger": "app.models.recommendation", "message": "Failed to initialize recommendation engine: maximum recursion depth exceeded"}
{"timestamp": "2026-06-29T04:32:31.597861", "level": "ERROR", "logger": "app.models.recommendation", "message": "Failed to initialize recommendation engine: maximum recursion depth exceeded"}
{"timestamp": "2026-06-29T04:32:31.599805", "level": "ERROR", "logger": "app.models.recommendation", "message": "Failed to initialize recommendation engine: maximum recursion depth exceeded"}
{"timestamp": "2026-06-29T04:32:31.600806", "level": "ERROR", "logger": "app.models.recommendation", "message": "Failed to initialize recommendation engine: maximum recursion depth exceeded"}
{"timestamp": "2026-06-29T04:32:31.601847", "level": "ERROR", "logger": "app.models.recommendation", "message": "Failed to initialize recommendation engine: maximum recursion depth exceeded"}
{"timestamp": "2026-06-29T04:32:31.603122", "level": "ERROR", "logger": "app.models.recommendation", "message": "Failed to initialize recommendation engine: maximum recursion depth exceeded"}
{"timestamp": "2026-06-29T04:32:31.603122", "level": "ERROR", "logger": "app.models.recommendation", "message": "Failed to initialize recommendation engine: maximum recursion depth exceeded"}
{"timestamp": "2026-06-29T04:32:31.605119", "level": "ERROR", "logger": "app.models.recommendation", "message": "Failed to initialize recommendation engine: maximum recursion depth exceeded"}
{"timestamp": "2026-06-29T04:32:31.606188", "level": "ERROR", "logger": "app.models.recommendation", "message": "Failed to initialize recommendation engine: maximum recursion depth exceeded"}
{"timestamp": "2026-06-29T04:32:31.607276", "level": "ERROR", "logger": "app.models.recommendation", "message": "Failed to initialize recommendation engine: maximum recursion depth exceeded"}
{"timestamp": "2026-06-29T04:32:31.608557", "level": "ERROR", "logger": "app.models.recommendation", "message": "Failed to initialize recommendation engine: maximum recursion depth exceeded"}
{"timestamp": "2026-06-29T04:32:31.609566", "level": "ERROR", "logger": "app.models.recommendation", "message": "Failed to initialize recommendation engine: maximum recursion depth exceeded"}
{"timestamp": "2026-06-29T04:32:31.610585", "level": "ERROR", "logger": "app.models.recommendation", "message": "Failed to initialize recommendation engine: maximum recursion depth exceeded"}
{"timestamp": "2026-06-29T04:32:31.611584", "level": "ERROR", "logger": "app.models.recommendation", "message": "Failed to initialize recommendation engine: maximum recursion depth exceeded"}
{"timestamp": "2026-06-29T04:32:31.612622", "level": "ERROR", "logger": "app.models.recommendation", "message": "Failed to initialize recommendation engine: maximum recursion depth exceeded"}
{"timestamp": "2026-06-29T04:32:31.612622", "level": "ERROR", "logger": "app.models.recommendation", "message": "Failed to initialize recommendation engine: maximum recursion depth exceeded"}
{"timestamp": "2026-06-29T04:32:31.613947", "level": "ERROR", "logger": "app.models.recommendation", "message": "Failed to initialize recommendation engine: maximum recursion depth exceeded"}
{"timestamp": "2026-06-29T04:32:31.615738", "level": "ERROR", "logger": "app.models.recommendation", "message": "Failed to initialize recommendation engine: maximum recursion depth exceeded"}
{"timestamp": "2026-06-29T04:32:31.616741", "level": "ERROR", "logger": "app.models.recommendation", "message": "Failed to initialize recommendation engine: maximum recursion depth exceeded"}
{"timestamp": "2026-06-29T04:32:31.617857", "level": "ERROR", "logger": "app.models.recommendation", "message": "Failed to initialize recommendation engine: maximum recursion depth exceeded"}
{"timestamp": "2026-06-29T04:32:31.619095", "level": "ERROR", "logger": "app.models.recommendation", "message": "Failed to initialize recommendation engine: maximum recursion depth exceeded"}
{"timestamp": "2026-06-29T04:32:31.620106", "level": "ERROR", "logger": "app.models.recommendation", "message": "Failed to initialize recommendation engine: maximum recursion depth exceeded"}
{"timestamp": "2026-06-29T04:32:31.621091", "level": "ERROR", "logger": "app.models.recommendation", "message": "Failed to initialize recommendation engine: maximum recursion depth exceeded"}
{"timestamp": "2026-06-29T04:32:31.624154", "level": "ERROR", "logger": "app.models.recommendation", "message": "Failed to initialize recommendation engine: maximum recursion depth exceeded"}
{"timestamp": "2026-06-29T04:32:31.625161", "level": "ERROR", "logger": "app.models.recommendation", "message": "Failed to initialize recommendation engine: maximum recursion depth exceeded"}
{"timestamp": "2026-06-29T04:32:31.626423", "level": "ERROR", "logger": "app.models.recommendation", "message": "Failed to initialize recommendation engine: maximum recursion depth exceeded"}
{"timestamp": "2026-06-29T04:32:31.627426", "level": "ERROR", "logger": "app.models.recommendation", "message": "Failed to initialize recommendation engine: maximum recursion depth exceeded"}
{"timestamp": "2026-06-29T04:32:31.628436", "level": "ERROR", "logger": "app.models.recommendation", "message": "Failed to initialize recommendation engine: maximum recursion depth exceeded"}
{"timestamp": "2026-06-29T04:32:31.629475", "level": "ERROR", "logger": "app.models.recommendation", "message": "Failed to initialize recommendation engine: maximum recursion depth exceeded"}
{"timestamp": "2026-06-29T04:32:31.630472", "level": "ERROR", "logger": "app.models.recommendation", "message": "Failed to initialize recommendation engine: maximum recursion depth exceeded"}
{"timestamp": "2026-06-29T04:32:31.631570", "level": "ERROR", "logger": "app.models.recommendation", "message": "Failed to initialize recommendation engine: maximum recursion depth exceeded"}
{"timestamp": "2026-06-29T04:32:31.632567", "level": "ERROR", "logger": "app.models.recommendation", "message": "Failed to initialize recommendation engine: maximum recursion depth exceeded"}
{"timestamp": "2026-06-29T04:32:31.633801", "level": "ERROR", "logger": "app.models.recommendation", "message": "Failed to initialize recommendation engine: maximum recursion depth exceeded"}
{"timestamp": "2026-06-29T04:32:31.633801", "level": "ERROR", "logger": "app.models.recommendation", "message": "Failed to initialize recommendation engine: maximum recursion depth exceeded"}
{"timestamp": "2026-06-29T04:32:31.635039", "level": "ERROR", "logger": "app.models.recommendation", "message": "Failed to initialize recommendation engine: maximum recursion depth exceeded"}
{"timestamp": "2026-06-29T04:32:31.636455", "level": "ERROR", "logger": "app.models.recommendation", "message": "Failed to initialize recommendation engine: maximum recursion depth exceeded"}
{"timestamp": "2026-06-29T04:32:31.637640", "level": "ERROR", "logger": "app.models.recommendation", "message": "Failed to initialize recommendation engine: maximum recursion depth exceeded"}
{"timestamp": "2026-06-29T04:32:31.639185", "level": "ERROR", "logger": "app.models.recommendation", "message": "Failed to initialize recommendation engine: maximum recursion depth exceeded"}
{"timestamp": "2026-06-29T04:32:31.641260", "level": "ERROR", "logger": "app.models.recommendation", "message": "Failed to initialize recommendation engine: maximum recursion depth exceeded"}
{"timestamp": "2026-06-29T04:32:31.642771", "level": "ERROR", "logger": "app.models.recommendation", "message": "Failed to initialize recommendation engine: maximum recursion depth exceeded"}
{"timestamp": "2026-06-29T04:32:31.643895", "level": "ERROR", "logger": "app.models.recommendation", "message": "Failed to initialize recommendation engine: maximum recursion depth exceeded"}
{"timestamp": "2026-06-29T04:32:31.643895", "level": "ERROR", "logger": "app.models.recommendation", "message": "Failed to initialize recommendation engine: maximum recursion depth exceeded"}
{"timestamp": "2026-06-29T04:32:31.645428", "level": "ERROR", "logger": "app.models.recommendation", "message": "Failed to initialize recommendation engine: maximum recursion depth exceeded"}
{"timestamp": "2026-06-29T04:32:31.647115", "level": "ERROR", "logger": "app.models.recommendation", "message": "Failed to initialize recommendation engine: maximum recursion depth exceeded"}
{"timestamp": "2026-06-29T04:32:31.648178", "level": "ERROR", "logger": "app.models.recommendation", "message": "Failed to initialize recommendation engine: maximum recursion depth exceeded"}
{"timestamp": "2026-06-29T04:32:31.649245", "level": "ERROR", "logger": "app.models.recommendation", "message": "Failed to initialize recommendation engine: maximum recursion depth exceeded"}
{"timestamp": "2026-06-29T04:32:31.650602", "level": "ERROR", "logger": "app.models.recommendation", "message": "Failed to initialize recommendation engine: maximum recursion depth exceeded"}
{"timestamp": "2026-06-29T04:32:31.651109", "level": "ERROR", "logger": "app.models.recommendation", "message": "Failed to initialize recommendation engine: maximum recursion depth exceeded"}
{"timestamp": "2026-06-29T04:32:31.652723", "level": "ERROR", "logger": "app.models.recommendation", "message": "Failed to initialize recommendation engine: maximum recursion depth exceeded"}
{"timestamp": "2026-06-29T04:32:31.653727", "level": "ERROR", "logger": "app.models.recommendation", "message": "Failed to initialize recommendation engine: maximum recursion depth exceeded"}
{"timestamp": "2026-06-29T04:32:31.655254", "level": "ERROR", "logger": "app.models.recommendation", "message": "Failed to initialize recommendation engine: maximum recursion depth exceeded"}
{"timestamp": "2026-06-29T04:32:31.656326", "level": "ERROR", "logger": "app.models.recommendation", "message": "Failed to initialize recommendation engine: maximum recursion depth exceeded"}
{"timestamp": "2026-06-29T04:32:31.656326", "level": "ERROR", "logger": "app.models.recommendation", "message": "Failed to initialize recommendation engine: maximum recursion depth exceeded"}
{"timestamp": "2026-06-29T04:32:31.658311", "level": "ERROR", "logger": "app.models.recommendation", "message": "Failed to initialize recommendation engine: maximum recursion depth exceeded"}
{"timestamp": "2026-06-29T04:32:31.659445", "level": "ERROR", "logger": "app.models.recommendation", "message": "Failed to initialize recommendation engine: maximum recursion depth exceeded"}
{"timestamp": "2026-06-29T04:32:31.659445", "level": "ERROR", "logger": "app.models.recommendation", "message": "Failed to initialize recommendation engine: maximum recursion depth exceeded"}
{"timestamp": "2026-06-29T04:32:31.660633", "level": "ERROR", "logger": "app.models.recommendation", "message": "Failed to initialize recommendation engine: maximum recursion depth exceeded"}
{"timestamp": "2026-06-29T04:32:31.662103", "level": "ERROR", "logger": "app.models.recommendation", "message": "Failed to initialize recommendation engine: maximum recursion depth exceeded"}
{"timestamp": "2026-06-29T04:32:31.663202", "level": "ERROR", "logger": "app.models.recommendation", "message": "Failed to initialize recommendation engine: maximum recursion depth exceeded"}
{"timestamp": "2026-06-29T04:32:31.664522", "level": "ERROR", "logger": "app.models.recommendation", "message": "Failed to initialize recommendation engine: maximum recursion depth exceeded"}
{"timestamp": "2026-06-29T04:32:31.665604", "level": "ERROR", "logger": "app.models.recommendation", "message": "Failed to initialize recommendation engine: maximum recursion depth exceeded"}
{"timestamp": "2026-06-29T04:32:31.666726", "level": "ERROR", "logger": "app.models.recommendation", "message": "Failed to initialize recommendation engine: maximum recursion depth exceeded"}
{"timestamp": "2026-06-29T04:32:31.667817", "level": "ERROR", "logger": "app.models.recommendation", "message": "Failed to initialize recommendation engine: maximum recursion depth exceeded"}
{"timestamp": "2026-06-29T04:32:31.669007", "level": "ERROR", "logger": "app.models.recommendation", "message": "Failed to initialize recommendation engine: maximum recursion depth exceeded"}
{"timestamp": "2026-06-29T04:32:31.670006", "level": "ERROR", "logger": "app.models.recommendation", "message": "Failed to initialize recommendation engine: maximum recursion depth exceeded"}
{"timestamp": "2026-06-29T04:32:31.671515", "level": "ERROR", "logger": "app.models.recommendation", "message": "Failed to initialize recommendation engine: maximum recursion depth exceeded"}
{"timestamp": "2026-06-29T04:32:31.672519", "level": "ERROR", "logger": "app.models.recommendation", "message": "Failed to initialize recommendation engine: maximum recursion depth exceeded"}
{"timestamp": "2026-06-29T04:32:31.675039", "level": "ERROR", "logger": "app.models.recommendation", "message": "Failed to initialize recommendation engine: maximum recursion depth exceeded"}
{"timestamp": "2026-06-29T04:32:31.675039", "level": "ERROR", "logger": "app.models.recommendation", "message": "Failed to initialize recommendation engine: maximum recursion depth exceeded"}
{"timestamp": "2026-06-29T04:32:31.676980", "level": "ERROR", "logger": "app.models.recommendation", "message": "Failed to initialize recommendation engine: maximum recursion depth exceeded"}
{"timestamp": "2026-06-29T04:32:31.678032", "level": "ERROR", "logger": "app.models.recommendation", "message": "Failed to initialize recommendation engine: maximum recursion depth exceeded"}
{"timestamp": "2026-06-29T04:32:31.679217", "level": "ERROR", "logger": "app.models.recommendation", "message": "Failed to initialize recommendation engine: maximum recursion depth exceeded"}
{"timestamp": "2026-06-29T04:32:31.680326", "level": "ERROR", "logger": "app.models.recommendation", "message": "Failed to initialize recommendation engine: maximum recursion depth exceeded"}
{"timestamp": "2026-06-29T04:32:31.681426", "level": "ERROR", "logger": "app.models.recommendation", "message": "Failed to initialize recommendation engine: maximum recursion depth exceeded"}
{"timestamp": "2026-06-29T04:32:31.682605", "level": "ERROR", "logger": "app.models.recommendation", "message": "Failed to initialize recommendation engine: maximum recursion depth exceeded"}
{"timestamp": "2026-06-29T04:32:31.683683", "level": "ERROR", "logger": "app.models.recommendation", "message": "Failed to initialize recommendation engine: maximum recursion depth exceeded"}
{"timestamp": "2026-06-29T04:32:31.684787", "level": "ERROR", "logger": "app.models.recommendation", "message": "Failed to initialize recommendation engine: maximum recursion depth exceeded"}
{"timestamp": "2026-06-29T04:32:31.686208", "level": "ERROR", "logger": "app.models.recommendation", "message": "Failed to initialize recommendation engine: maximum recursion depth exceeded"}
{"timestamp": "2026-06-29T04:32:31.686713", "level": "ERROR", "logger": "app.models.recommendation", "message": "Failed to initialize recommendation engine: maximum recursion depth exceeded"}
{"timestamp": "2026-06-29T04:32:31.688140", "level": "ERROR", "logger": "app.models.recommendation", "message": "Failed to initialize recommendation engine: maximum recursion depth exceeded"}
{"timestamp": "2026-06-29T04:32:31.691937", "level": "ERROR", "logger": "app.models.recommendation", "message": "Failed to initialize recommendation engine: maximum recursion depth exceeded"}
{"timestamp": "2026-06-29T04:32:31.693522", "level": "ERROR", "logger": "app.models.recommendation", "message": "Failed to initialize recommendation engine: maximum recursion depth exceeded"}
{"timestamp": "2026-06-29T04:32:31.694686", "level": "ERROR", "logger": "app.models.recommendation", "message": "Failed to initialize recommendation engine: maximum recursion depth exceeded"}
{"timestamp": "2026-06-29T04:32:31.696015", "level": "ERROR", "logger": "app.models.recommendation", "message": "Failed to initialize recommendation engine: maximum recursion depth exceeded"}
{"timestamp": "2026-06-29T04:32:31.697191", "level": "ERROR", "logger": "app.models.recommendation", "message": "Failed to initialize recommendation engine: maximum recursion depth exceeded"}
{"timestamp": "2026-06-29T04:32:31.698415", "level": "ERROR", "logger": "app.models.recommendation", "message": "Failed to initialize recommendation engine: maximum recursion depth exceeded"}
{"timestamp": "2026-06-29T04:32:31.699594", "level": "ERROR", "logger": "app.models.recommendation", "message": "Failed to initialize recommendation engine: maximum recursion depth exceeded"}
{"timestamp": "2026-06-29T04:32:31.700633", "level": "ERROR", "logger": "app.models.recommendation", "message": "Failed to initialize recommendation engine: maximum recursion depth exceeded"}
{"timestamp": "2026-06-29T04:32:31.701722", "level": "ERROR", "logger": "app.models.recommendation", "message": "Failed to initialize recommendation engine: maximum recursion depth exceeded"}
{"timestamp": "2026-06-29T04:32:31.701722", "level": "ERROR", "logger": "app.models.recommendation", "message": "Failed to initialize recommendation engine: maximum recursion depth exceeded"}
{"timestamp": "2026-06-29T04:32:31.703095", "level": "ERROR", "logger": "app.models.recommendation", "message": "Failed to initialize recommendation engine: maximum recursion depth exceeded"}
{"timestamp": "2026-06-29T04:32:31.704899", "level": "ERROR", "logger": "app.models.recommendation", "message": "Failed to initialize recommendation engine: maximum recursion depth exceeded"}
{"timestamp": "2026-06-29T04:32:31.704899", "level": "ERROR", "logger": "app.models.recommendation", "message": "Failed to initialize recommendation engine: maximum recursion depth exceeded"}
{"timestamp": "2026-06-29T04:32:31.706728", "level": "ERROR", "logger": "app.models.recommendation", "message": "Failed to initialize recommendation engine: maximum recursion depth exceeded"}
{"timestamp": "2026-06-29T04:32:31.706728", "level": "ERROR", "logger": "app.models.recommendation", "message": "Failed to initialize recommendation engine: maximum recursion depth exceeded"}
{"timestamp": "2026-06-29T04:32:31.708476", "level": "ERROR", "logger": "app.models.recommendation", "message": "Failed to initialize recommendation engine: maximum recursion depth exceeded"}
{"timestamp": "2026-06-29T04:32:31.708476", "level": "ERROR", "logger": "app.models.recommendation", "message": "Failed to initialize recommendation engine: maximum recursion depth exceeded"}
{"timestamp": "2026-06-29T04:32:31.710229", "level": "ERROR", "logger": "app.models.recommendation", "message": "Failed to initialize recommendation engine: maximum recursion depth exceeded"}
{"timestamp": "2026-06-29T04:32:31.711371", "level": "ERROR", "logger": "app.models.recommendation", "message": "Failed to initialize recommendation engine: maximum recursion depth exceeded"}
{"timestamp": "2026-06-29T04:32:31.712601", "level": "ERROR", "logger": "app.models.recommendation", "message": "Failed to initialize recommendation engine: maximum recursion depth exceeded"}
{"timestamp": "2026-06-29T04:32:31.713693", "level": "ERROR", "logger": "app.models.recommendation", "message": "Failed to initialize recommendation engine: maximum recursion depth exceeded"}
{"timestamp": "2026-06-29T04:32:31.713693", "level": "ERROR", "logger": "app.models.recommendation", "message": "Failed to initialize recommendation engine: maximum recursion depth exceeded"}
{"timestamp": "2026-06-29T04:32:31.717010", "level": "ERROR", "logger": "app.models.recommendation", "message": "Failed to initialize recommendation engine: maximum recursion depth exceeded"}
{"timestamp": "2026-06-29T04:32:31.718979", "level": "ERROR", "logger": "app.models.recommendation", "message": "Failed to initialize recommendation engine: maximum recursion depth exceeded"}
{"timestamp": "2026-06-29T04:32:31.720132", "level": "ERROR", "logger": "app.models.recommendation", "message": "Failed to initialize recommendation engine: maximum recursion depth exceeded"}
{"timestamp": "2026-06-29T04:32:31.721621", "level": "ERROR", "logger": "app.models.recommendation", "message": "Failed to initialize recommendation engine: maximum recursion depth exceeded"}
{"timestamp": "2026-06-29T04:32:31.723389", "level": "ERROR", "logger": "app.models.recommendation", "message": "Failed to initialize recommendation engine: maximum recursion depth exceeded"}
{"timestamp": "2026-06-29T04:32:31.724687", "level": "ERROR", "logger": "app.models.recommendation", "message": "Failed to initialize recommendation engine: maximum recursion depth exceeded"}
{"timestamp": "2026-06-29T04:32:31.726109", "level": "ERROR", "logger": "app.models.recommendation", "message": "Failed to initialize recommendation engine: maximum recursion depth exceeded"}
{"timestamp": "2026-06-29T04:32:31.727098", "level": "ERROR", "logger": "app.models.recommendation", "message": "Failed to initialize recommendation engine: maximum recursion depth exceeded"}
{"timestamp": "2026-06-29T04:32:31.727098", "level": "ERROR", "logger": "app.models.recommendation", "message": "Failed to initialize recommendation engine: maximum recursion depth exceeded"}
{"timestamp": "2026-06-29T04:32:31.728931", "level": "ERROR", "logger": "app.models.recommendation", "message": "Failed to initialize recommendation engine: maximum recursion depth exceeded"}
{"timestamp": "2026-06-29T04:32:31.729967", "level": "ERROR", "logger": "app.models.recommendation", "message": "Failed to initialize recommendation engine: maximum recursion depth exceeded"}
{"timestamp": "2026-06-29T04:32:31.731007", "level": "ERROR", "logger": "app.models.recommendation", "message": "Failed to initialize recommendation engine: maximum recursion depth exceeded"}
{"timestamp": "2026-06-29T04:32:31.732035", "level": "ERROR", "logger": "app.models.recommendation", "message": "Failed to initialize recommendation engine: maximum recursion depth exceeded"}
{"timestamp": "2026-06-29T04:32:31.733033", "level": "ERROR", "logger": "app.models.recommendation", "message": "Failed to initialize recommendation engine: maximum recursion depth exceeded"}
{"timestamp": "2026-06-29T04:32:31.733033", "level": "ERROR", "logger": "app.models.recommendation", "message": "Failed to initialize recommendation engine: maximum recursion depth exceeded"}
{"timestamp": "2026-06-29T04:32:31.734365", "level": "ERROR", "logger": "app.models.recommendation", "message": "Failed to initialize recommendation engine: maximum recursion depth exceeded"}
{"timestamp": "2026-06-29T04:32:31.735471", "level": "ERROR", "logger": "app.models.recommendation", "message": "Failed to initialize recommendation engine: maximum recursion depth exceeded"}
{"timestamp": "2026-06-29T04:32:31.737833", "level": "ERROR", "logger": "app.models.recommendation", "message": "Failed to initialize recommendation engine: maximum recursion depth exceeded"}
{"timestamp": "2026-06-29T04:32:31.739122", "level": "ERROR", "logger": "app.models.recommendation", "message": "Failed to initialize recommendation engine: maximum recursion depth exceeded"}
{"timestamp": "2026-06-29T04:32:31.741592", "level": "ERROR", "logger": "app.models.recommendation", "message": "Failed to initialize recommendation engine: maximum recursion depth exceeded"}
{"timestamp": "2026-06-29T04:32:31.742912", "level": "ERROR", "logger": "app.models.recommendation", "message": "Failed to initialize recommendation engine: maximum recursion depth exceeded"}
{"timestamp": "2026-06-29T04:32:31.744385", "level": "ERROR", "logger": "app.models.recommendation", "message": "Failed to initialize recommendation engine: maximum recursion depth exceeded"}
{"timestamp": "2026-06-29T04:32:31.745426", "level": "ERROR", "logger": "app.models.recommendation", "message": "Failed to initialize recommendation engine: maximum recursion depth exceeded"}
{"timestamp": "2026-06-29T04:32:31.746423", "level": "ERROR", "logger": "app.models.recommendation", "message": "Failed to initialize recommendation engine: maximum recursion depth exceeded"}
{"timestamp": "2026-06-29T04:32:31.747490", "level": "ERROR", "logger": "app.models.recommendation", "message": "Failed to initialize recommendation engine: maximum recursion depth exceeded"}
{"timestamp": "2026-06-29T04:32:31.748772", "level": "ERROR", "logger": "app.models.recommendation", "message": "Failed to initialize recommendation engine: maximum recursion depth exceeded"}
{"timestamp": "2026-06-29T04:32:31.749843", "level": "ERROR", "logger": "app.models.recommendation", "message": "Failed to initialize recommendation engine: maximum recursion depth exceeded"}
{"timestamp": "2026-06-29T04:32:31.750840", "level": "ERROR", "logger": "app.models.recommendation", "message": "Failed to initialize recommendation engine: maximum recursion depth exceeded"}
{"timestamp": "2026-06-29T04:32:31.750840", "level": "ERROR", "logger": "app.models.recommendation", "message": "Failed to initialize recommendation engine: maximum recursion depth exceeded"}
{"timestamp": "2026-06-29T04:32:31.752756", "level": "ERROR", "logger": "app.models.recommendation", "message": "Failed to initialize recommendation engine: maximum recursion depth exceeded"}
{"timestamp": "2026-06-29T04:32:31.753766", "level": "ERROR", "logger": "app.models.recommendation", "message": "Failed to initialize recommendation engine: maximum recursion depth exceeded"}
{"timestamp": "2026-06-29T04:32:31.755418", "level": "ERROR", "logger": "app.models.recommendation", "message": "Failed to initialize recommendation engine: maximum recursion depth exceeded"}
{"timestamp": "2026-06-29T04:32:31.756455", "level": "ERROR", "logger": "app.models.recommendation", "message": "Failed to initialize recommendation engine: maximum recursion depth exceeded"}
{"timestamp": "2026-06-29T04:32:31.756455", "level": "ERROR", "logger": "app.models.recommendation", "message": "Failed to initialize recommendation engine: maximum recursion depth exceeded"}
{"timestamp": "2026-06-29T04:32:31.758977", "level": "ERROR", "logger": "app.models.recommendation", "message": "Failed to initialize recommendation engine: maximum recursion depth exceeded"}
{"timestamp": "2026-06-29T04:32:31.760388", "level": "ERROR", "logger": "app.models.recommendation", "message": "Failed to initialize recommendation engine: maximum recursion depth exceeded"}
{"timestamp": "2026-06-29T04:32:31.762103", "level": "ERROR", "logger": "app.models.recommendation", "message": "Failed to initialize recommendation engine: maximum recursion depth exceeded"}
{"timestamp": "2026-06-29T04:32:31.763226", "level": "ERROR", "logger": "app.models.recommendation", "message": "Failed to initialize recommendation engine: maximum recursion depth exceeded"}
{"timestamp": "2026-06-29T04:32:31.764313", "level": "ERROR", "logger": "app.models.recommendation", "message": "Failed to initialize recommendation engine: maximum recursion depth exceeded"}
{"timestamp": "2026-06-29T04:32:31.764818", "level": "ERROR", "logger": "app.models.recommendation", "message": "Failed to initialize recommendation engine: maximum recursion depth exceeded"}
{"timestamp": "2026-06-29T04:32:31.766205", "level": "ERROR", "logger": "app.models.recommendation", "message": "Failed to initialize recommendation engine: maximum recursion depth exceeded"}
{"timestamp": "2026-06-29T04:32:31.767595", "level": "ERROR", "logger": "app.models.recommendation", "message": "Failed to initialize recommendation engine: maximum recursion depth exceeded"}
{"timestamp": "2026-06-29T04:32:31.768729", "level": "ERROR", "logger": "app.models.recommendation", "message": "Failed to initialize recommendation engine: maximum recursion depth exceeded"}
{"timestamp": "2026-06-29T04:32:31.769893", "level": "ERROR", "logger": "app.models.recommendation", "message": "Failed to initialize recommendation engine: maximum recursion depth exceeded"}
{"timestamp": "2026-06-29T04:32:31.771403", "level": "ERROR", "logger": "app.models.recommendation", "message": "Failed to initialize recommendation engine: maximum recursion depth exceeded"}
{"timestamp": "2026-06-29T04:32:31.772405", "level": "ERROR", "logger": "app.models.recommendation", "message": "Failed to initialize recommendation engine: maximum recursion depth exceeded"}
{"timestamp": "2026-06-29T04:32:31.773402", "level": "ERROR", "logger": "app.models.recommendation", "message": "Failed to initialize recommendation engine: maximum recursion depth exceeded"}
{"timestamp": "2026-06-29T04:32:31.774534", "level": "ERROR", "logger": "app.models.recommendation", "message": "Failed to initialize recommendation engine: maximum recursion depth exceeded"}
{"timestamp": "2026-06-29T04:32:31.775623", "level": "ERROR", "logger": "app.models.recommendation", "message": "Failed to initialize recommendation engine: maximum recursion depth exceeded"}
{"timestamp": "2026-06-29T04:32:31.775623", "level": "ERROR", "logger": "app.models.recommendation", "message": "Failed to initialize recommendation engine: maximum recursion depth exceeded"}
{"timestamp": "2026-06-29T04:32:31.778526", "level": "ERROR", "logger": "app.models.recommendation", "message": "Failed to initialize recommendation engine: maximum recursion depth exceeded"}
{"timestamp": "2026-06-29T04:32:31.778526", "level": "ERROR", "logger": "app.models.recommendation", "message": "Failed to initialize recommendation engine: maximum recursion depth exceeded"}
{"timestamp": "2026-06-29T04:32:31.780250", "level": "ERROR", "logger": "app.models.recommendation", "message": "Failed to initialize recommendation engine: maximum recursion depth exceeded"}
{"timestamp": "2026-06-29T04:32:31.781256", "level": "ERROR", "logger": "app.models.recommendation", "message": "Failed to initialize recommendation engine: maximum recursion depth exceeded"}
{"timestamp": "2026-06-29T04:32:31.782683", "level": "ERROR", "logger": "app.models.recommendation", "message": "Failed to initialize recommendation engine: maximum recursion depth exceeded"}
{"timestamp": "2026-06-29T04:32:31.783995", "level": "ERROR", "logger": "app.models.recommendation", "message": "Failed to initialize recommendation engine: maximum recursion depth exceeded"}
{"timestamp": "2026-06-29T04:32:31.785266", "level": "ERROR", "logger": "app.models.recommendation", "message": "Failed to initialize recommendation engine: maximum recursion depth exceeded"}
{"timestamp": "2026-06-29T04:32:31.786288", "level": "ERROR", "logger": "app.models.recommendation", "message": "Failed to initialize recommendation engine: maximum recursion depth exceeded"}
{"timestamp": "2026-06-29T04:32:31.787768", "level": "ERROR", "logger": "app.models.recommendation", "message": "Failed to initialize recommendation engine: maximum recursion depth exceeded"}
{"timestamp": "2026-06-29T04:32:31.789005", "level": "ERROR", "logger": "app.models.recommendation", "message": "Failed to initialize recommendation engine: maximum recursion depth exceeded"}
{"timestamp": "2026-06-29T04:32:31.791786", "level": "ERROR", "logger": "app.models.recommendation", "message": "Failed to initialize recommendation engine: maximum recursion depth exceeded"}
{"timestamp": "2026-06-29T04:32:31.792349", "level": "ERROR", "logger": "app.models.recommendation", "message": "Failed to initialize recommendation engine: maximum recursion depth exceeded"}
{"timestamp": "2026-06-29T04:32:31.794523", "level": "ERROR", "logger": "app.models.recommendation", "message": "Failed to initialize recommendation engine: maximum recursion depth exceeded"}
{"timestamp": "2026-06-29T04:32:31.795539", "level": "ERROR", "logger": "app.models.recommendation", "message": "Failed to initialize recommendation engine: maximum recursion depth exceeded"}
{"timestamp": "2026-06-29T04:32:31.796544", "level": "ERROR", "logger": "app.models.recommendation", "message": "Failed to initialize recommendation engine: maximum recursion depth exceeded"}
{"timestamp": "2026-06-29T04:32:31.797900", "level": "ERROR", "logger": "app.models.recommendation", "message": "Failed to initialize recommendation engine: maximum recursion depth exceeded"}
{"timestamp": "2026-06-29T04:32:31.798928", "level": "ERROR", "logger": "app.models.recommendation", "message": "Failed to initialize recommendation engine: maximum recursion depth exceeded"}
{"timestamp": "2026-06-29T04:32:31.800022", "level": "ERROR", "logger": "app.models.recommendation", "message": "Failed to initialize recommendation engine: maximum recursion depth exceeded"}
{"timestamp": "2026-06-29T04:32:31.801372", "level": "ERROR", "logger": "app.models.recommendation", "message": "Failed to initialize recommendation engine: maximum recursion depth exceeded"}
{"timestamp": "2026-06-29T04:32:31.802400", "level": "ERROR", "logger": "app.models.recommendation", "message": "Failed to initialize recommendation engine: maximum recursion depth exceeded"}
{"timestamp": "2026-06-29T04:32:31.803397", "level": "ERROR", "logger": "app.models.recommendation", "message": "Failed to initialize recommendation engine: maximum recursion depth exceeded"}
{"timestamp": "2026-06-29T04:32:31.804467", "level": "ERROR", "logger": "app.models.recommendation", "message": "Failed to initialize recommendation engine: maximum recursion depth exceeded"}
{"timestamp": "2026-06-29T04:32:31.804978", "level": "ERROR", "logger": "app.models.recommendation", "message": "Failed to initialize recommendation engine: maximum recursion depth exceeded"}
{"timestamp": "2026-06-29T04:32:31.806304", "level": "ERROR", "logger": "app.models.recommendation", "message": "Failed to initialize recommendation engine: maximum recursion depth exceeded"}
{"timestamp": "2026-06-29T04:32:31.807459", "level": "ERROR", "logger": "app.models.recommendation", "message": "Failed to initialize recommendation engine: maximum recursion depth exceeded"}
{"timestamp": "2026-06-29T04:32:31.807459", "level": "ERROR", "logger": "app.models.recommendation", "message": "Failed to initialize recommendation engine: maximum recursion depth exceeded"}
{"timestamp": "2026-06-29T04:32:31.809283", "level": "ERROR", "logger": "app.models.recommendation", "message": "Failed to initialize recommendation engine: maximum recursion depth exceeded"}
{"timestamp": "2026-06-29T04:32:31.809283", "level": "ERROR", "logger": "app.models.recommendation", "message": "Failed to initialize recommendation engine: maximum recursion depth exceeded"}
{"timestamp": "2026-06-29T04:32:31.811212", "level": "ERROR", "logger": "app.models.recommendation", "message": "Failed to initialize recommendation engine: maximum recursion depth exceeded"}
{"timestamp": "2026-06-29T04:32:31.812364", "level": "ERROR", "logger": "app.models.recommendation", "message": "Failed to initialize recommendation engine: maximum recursion depth exceeded"}
{"timestamp": "2026-06-29T04:32:31.813391", "level": "ERROR", "logger": "app.models.recommendation", "message": "Failed to initialize recommendation engine: maximum recursion depth exceeded"}
{"timestamp": "2026-06-29T04:32:31.814555", "level": "ERROR", "logger": "app.models.recommendation", "message": "Failed to initialize recommendation engine: maximum recursion depth exceeded"}
{"timestamp": "2026-06-29T04:32:31.815677", "level": "ERROR", "logger": "app.models.recommendation", "message": "Failed to initialize recommendation engine: maximum recursion depth exceeded"}
{"timestamp": "2026-06-29T04:32:31.816816", "level": "ERROR", "logger": "app.models.recommendation", "message": "Failed to initialize recommendation engine: maximum recursion depth exceeded"}
{"timestamp": "2026-06-29T04:32:31.817876", "level": "ERROR", "logger": "app.models.recommendation", "message": "Failed to initialize recommendation engine: maximum recursion depth exceeded"}
{"timestamp": "2026-06-29T04:32:31.820385", "level": "ERROR", "logger": "app.models.recommendation", "message": "Failed to initialize recommendation engine: maximum recursion depth exceeded"}
{"timestamp": "2026-06-29T04:32:31.822133", "level": "ERROR", "logger": "app.models.recommendation", "message": "Failed to initialize recommendation engine: maximum recursion depth exceeded"}
{"timestamp": "2026-06-29T04:32:31.824137", "level": "ERROR", "logger": "app.models.recommendation", "message": "Failed to initialize recommendation engine: maximum recursion depth exceeded"}
{"timestamp": "2026-06-29T04:32:31.825129", "level": "ERROR", "logger": "app.models.recommendation", "message": "Failed to initialize recommendation engine: maximum recursion depth exceeded"}
{"timestamp": "2026-06-29T04:32:31.826127", "level": "ERROR", "logger": "app.models.recommendation", "message": "Failed to initialize recommendation engine: maximum recursion depth exceeded"}
{"timestamp": "2026-06-29T04:32:31.827124", "level": "ERROR", "logger": "app.models.recommendation", "message": "Failed to initialize recommendation engine: maximum recursion depth exceeded"}
{"timestamp": "2026-06-29T04:32:31.828686", "level": "ERROR", "logger": "app.models.recommendation", "message": "Failed to initialize recommendation engine: maximum recursion depth exceeded"}
{"timestamp": "2026-06-29T04:32:31.829758", "level": "ERROR", "logger": "app.models.recommendation", "message": "Failed to initialize recommendation engine: maximum recursion depth exceeded"}
{"timestamp": "2026-06-29T04:32:31.831108", "level": "ERROR", "logger": "app.models.recommendation", "message": "Failed to initialize recommendation engine: maximum recursion depth exceeded"}
{"timestamp": "2026-06-29T04:32:31.831108", "level": "ERROR", "logger": "app.models.recommendation", "message": "Failed to initialize recommendation engine: maximum recursion depth exceeded"}
{"timestamp": "2026-06-29T04:32:31.833226", "level": "ERROR", "logger": "app.models.recommendation", "message": "Failed to initialize recommendation engine: maximum recursion depth exceeded"}
{"timestamp": "2026-06-29T04:32:31.834223", "level": "ERROR", "logger": "app.models.recommendation", "message": "Failed to initialize recommendation engine: maximum recursion depth exceeded"}
{"timestamp": "2026-06-29T04:32:31.835380", "level": "ERROR", "logger": "app.models.recommendation", "message": "Failed to initialize recommendation engine: maximum recursion depth exceeded"}
{"timestamp": "2026-06-29T04:32:31.836492", "level": "ERROR", "logger": "app.models.recommendation", "message": "Failed to initialize recommendation engine: maximum recursion depth exceeded"}
{"timestamp": "2026-06-29T04:32:31.837650", "level": "ERROR", "logger": "app.models.recommendation", "message": "Failed to initialize recommendation engine: maximum recursion depth exceeded"}
{"timestamp": "2026-06-29T04:32:31.838898", "level": "ERROR", "logger": "app.models.recommendation", "message": "Failed to initialize recommendation engine: maximum recursion depth exceeded"}
{"timestamp": "2026-06-29T04:32:31.840940", "level": "ERROR", "logger": "app.models.recommendation", "message": "Failed to initialize recommendation engine: maximum recursion depth exceeded"}
{"timestamp": "2026-06-29T04:32:31.842250", "level": "ERROR", "logger": "app.models.recommendation", "message": "Failed to initialize recommendation engine: maximum recursion depth exceeded"}
{"timestamp": "2026-06-29T04:32:31.844113", "level": "ERROR", "logger": "app.models.recommendation", "message": "Failed to initialize recommendation engine: maximum recursion depth exceeded"}
{"timestamp": "2026-06-29T04:32:31.845220", "level": "ERROR", "logger": "app.models.recommendation", "message": "Failed to initialize recommendation engine: maximum recursion depth exceeded"}
{"timestamp": "2026-06-29T04:32:31.846220", "level": "ERROR", "logger": "app.models.recommendation", "message": "Failed to initialize recommendation engine: maximum recursion depth exceeded"}
{"timestamp": "2026-06-29T04:32:31.847213", "level": "ERROR", "logger": "app.models.recommendation", "message": "Failed to initialize recommendation engine: maximum recursion depth exceeded"}
{"timestamp": "2026-06-29T04:32:31.848330", "level": "ERROR", "logger": "app.models.recommendation", "message": "Failed to initialize recommendation engine: maximum recursion depth exceeded"}
{"timestamp": "2026-06-29T04:32:31.849397", "level": "ERROR", "logger": "app.models.recommendation", "message": "Failed to initialize recommendation engine: maximum recursion depth exceeded"}
{"timestamp": "2026-06-29T04:32:31.849397", "level": "ERROR", "logger": "app.models.recommendation", "message": "Failed to initialize recommendation engine: maximum recursion depth exceeded"}
{"timestamp": "2026-06-29T04:32:31.851223", "level": "ERROR", "logger": "app.models.recommendation", "message": "Failed to initialize recommendation engine: maximum recursion depth exceeded"}
{"timestamp": "2026-06-29T04:32:31.852324", "level": "ERROR", "logger": "app.models.recommendation", "message": "Failed to initialize recommendation engine: maximum recursion depth exceeded"}
{"timestamp": "2026-06-29T04:32:31.853629", "level": "ERROR", "logger": "app.models.recommendation", "message": "Failed to initialize recommendation engine: maximum recursion depth exceeded"}
{"timestamp": "2026-06-29T04:32:31.854987", "level": "ERROR", "logger": "app.models.recommendation", "message": "Failed to initialize recommendation engine: maximum recursion depth exceeded"}
{"timestamp": "2026-06-29T04:32:31.856065", "level": "ERROR", "logger": "app.models.recommendation", "message": "Failed to initialize recommendation engine: maximum recursion depth exceeded"}
{"timestamp": "2026-06-29T04:32:31.857104", "level": "ERROR", "logger": "app.models.recommendation", "message": "Failed to initialize recommendation engine: maximum recursion depth exceeded"}
{"timestamp": "2026-06-29T04:32:31.858181", "level": "ERROR", "logger": "app.models.recommendation", "message": "Failed to initialize recommendation engine: maximum recursion depth exceeded"}
{"timestamp": "2026-06-29T04:32:31.859292", "level": "ERROR", "logger": "app.models.recommendation", "message": "Failed to initialize recommendation engine: maximum recursion depth exceeded"}
{"timestamp": "2026-06-29T04:32:31.860353", "level": "ERROR", "logger": "app.models.recommendation", "message": "Failed to initialize recommendation engine: maximum recursion depth exceeded"}
{"timestamp": "2026-06-29T04:32:31.861668", "level": "ERROR", "logger": "app.models.recommendation", "message": "Failed to initialize recommendation engine: maximum recursion depth exceeded"}
{"timestamp": "2026-06-29T04:32:31.862820", "level": "ERROR", "logger": "app.models.recommendation", "message": "Failed to initialize recommendation engine: maximum recursion depth exceeded"}
{"timestamp": "2026-06-29T04:32:31.862820", "level": "ERROR", "logger": "app.models.recommendation", "message": "Failed to initialize recommendation engine: maximum recursion depth exceeded"}
{"timestamp": "2026-06-29T04:32:31.864337", "level": "ERROR", "logger": "app.models.recommendation", "message": "Failed to initialize recommendation engine: maximum recursion depth exceeded"}
{"timestamp": "2026-06-29T04:32:31.865669", "level": "ERROR", "logger": "app.models.recommendation", "message": "Failed to initialize recommendation engine: maximum recursion depth exceeded"}
{"timestamp": "2026-06-29T04:32:31.866712", "level": "ERROR", "logger": "app.models.recommendation", "message": "Failed to initialize recommendation engine: maximum recursion depth exceeded"}
{"timestamp": "2026-06-29T04:32:31.866712", "level": "ERROR", "logger": "app.models.recommendation", "message": "Failed to initialize recommendation engine: maximum recursion depth exceeded"}
{"timestamp": "2026-06-29T04:32:31.868514", "level": "ERROR", "logger": "app.models.recommendation", "message": "Failed to initialize recommendation engine: maximum recursion depth exceeded"}
{"timestamp": "2026-06-29T04:32:31.869550", "level": "ERROR", "logger": "app.models.recommendation", "message": "Failed to initialize recommendation engine: maximum recursion depth exceeded"}
{"timestamp": "2026-06-29T04:32:31.871317", "level": "ERROR", "logger": "app.models.recommendation", "message": "Failed to initialize recommendation engine: maximum recursion depth exceeded"}
{"timestamp": "2026-06-29T04:32:31.872324", "level": "ERROR", "logger": "app.models.recommendation", "message": "Failed to initialize recommendation engine: maximum recursion depth exceeded"}
{"timestamp": "2026-06-29T04:32:31.873446", "level": "ERROR", "logger": "app.models.recommendation", "message": "Failed to initialize recommendation engine: maximum recursion depth exceeded"}
{"timestamp": "2026-06-29T04:32:31.875712", "level": "ERROR", "logger": "app.models.recommendation", "message": "Failed to initialize recommendation engine: maximum recursion depth exceeded"}
{"timestamp": "2026-06-29T04:32:31.875712", "level": "ERROR", "logger": "app.models.recommendation", "message": "Failed to initialize recommendation engine: maximum recursion depth exceeded"}
{"timestamp": "2026-06-29T04:32:31.876915", "level": "ERROR", "logger": "app.models.recommendation", "message": "Failed to initialize recommendation engine: maximum recursion depth exceeded"}
{"timestamp": "2026-06-29T04:32:31.878498", "level": "ERROR", "logger": "app.models.recommendation", "message": "Failed to initialize recommendation engine: maximum recursion depth exceeded"}
{"timestamp": "2026-06-29T04:32:31.879541", "level": "ERROR", "logger": "app.models.recommendation", "message": "Failed to initialize recommendation engine: maximum recursion depth exceeded"}
{"timestamp": "2026-06-29T04:32:31.880540", "level": "ERROR", "logger": "app.models.recommendation", "message": "Failed to initialize recommendation engine: maximum recursion depth exceeded"}
{"timestamp": "2026-06-29T04:32:31.881556", "level": "ERROR", "logger": "app.models.recommendation", "message": "Failed to initialize recommendation engine: maximum recursion depth exceeded"}
{"timestamp": "2026-06-29T04:32:31.882816", "level": "ERROR", "logger": "app.models.recommendation", "message": "Failed to initialize recommendation engine: maximum recursion depth exceeded"}
{"timestamp": "2026-06-29T04:32:31.882816", "level": "ERROR", "logger": "app.models.recommendation", "message": "Failed to initialize recommendation engine: maximum recursion depth exceeded"}
{"timestamp": "2026-06-29T04:32:31.883928", "level": "ERROR", "logger": "app.models.recommendation", "message": "Failed to initialize recommendation engine: maximum recursion depth exceeded"}
{"timestamp": "2026-06-29T04:32:31.885794", "level": "ERROR", "logger": "app.models.recommendation", "message": "Failed to initialize recommendation engine: maximum recursion depth exceeded"}
{"timestamp": "2026-06-29T04:32:31.886872", "level": "ERROR", "logger": "app.models.recommendation", "message": "Failed to initialize recommendation engine: maximum recursion depth exceeded"}
{"timestamp": "2026-06-29T04:32:31.887869", "level": "ERROR", "logger": "app.models.recommendation", "message": "Failed to initialize recommendation engine: maximum recursion depth exceeded"}
{"timestamp": "2026-06-29T04:32:31.889238", "level": "ERROR", "logger": "app.models.recommendation", "message": "Failed to initialize recommendation engine: maximum recursion depth exceeded"}
{"timestamp": "2026-06-29T04:32:31.892069", "level": "ERROR", "logger": "app.models.recommendation", "message": "Failed to initialize recommendation engine: maximum recursion depth exceeded"}
{"timestamp": "2026-06-29T04:32:31.892576", "level": "ERROR", "logger": "app.models.recommendation", "message": "Failed to initialize recommendation engine: maximum recursion depth exceeded"}
{"timestamp": "2026-06-29T04:32:31.893613", "level": "ERROR", "logger": "app.models.recommendation", "message": "Failed to initialize recommendation engine: maximum recursion depth exceeded"}
{"timestamp": "2026-06-29T04:32:31.894921", "level": "ERROR", "logger": "app.models.recommendation", "message": "Failed to initialize recommendation engine: maximum recursion depth exceeded"}
{"timestamp": "2026-06-29T04:32:31.896428", "level": "ERROR", "logger": "app.models.recommendation", "message": "Failed to initialize recommendation engine: maximum recursion depth exceeded"}
{"timestamp": "2026-06-29T04:32:31.897437", "level": "ERROR", "logger": "app.models.recommendation", "message": "Failed to initialize recommendation engine: maximum recursion depth exceeded"}
{"timestamp": "2026-06-29T04:32:31.898528", "level": "ERROR", "logger": "app.models.recommendation", "message": "Failed to initialize recommendation engine: maximum recursion depth exceeded"}
{"timestamp": "2026-06-29T04:32:31.898528", "level": "ERROR", "logger": "app.models.recommendation", "message": "Failed to initialize recommendation engine: maximum recursion depth exceeded"}
{"timestamp": "2026-06-29T04:32:31.900480", "level": "ERROR", "logger": "app.models.recommendation", "message": "Failed to initialize recommendation engine: maximum recursion depth exceeded"}
{"timestamp": "2026-06-29T04:32:31.901535", "level": "ERROR", "logger": "app.models.recommendation", "message": "Failed to initialize recommendation engine: maximum recursion depth exceeded"}
{"timestamp": "2026-06-29T04:32:31.902715", "level": "ERROR", "logger": "app.models.recommendation", "message": "Failed to initialize recommendation engine: maximum recursion depth exceeded"}
{"timestamp": "2026-06-29T04:32:31.903712", "level": "ERROR", "logger": "app.models.recommendation", "message": "Failed to initialize recommendation engine: maximum recursion depth exceeded"}
{"timestamp": "2026-06-29T04:32:31.905076", "level": "ERROR", "logger": "app.models.recommendation", "message": "Failed to initialize recommendation engine: maximum recursion depth exceeded"}
{"timestamp": "2026-06-29T04:32:31.906074", "level": "ERROR", "logger": "app.models.recommendation", "message": "Failed to initialize recommendation engine: maximum recursion depth exceeded"}
{"timestamp": "2026-06-29T04:32:31.907069", "level": "ERROR", "logger": "app.models.recommendation", "message": "Failed to initialize recommendation engine: maximum recursion depth exceeded"}
{"timestamp": "2026-06-29T04:32:31.908077", "level": "ERROR", "logger": "app.models.recommendation", "message": "Failed to initialize recommendation engine: maximum recursion depth exceeded"}
{"timestamp": "2026-06-29T04:32:31.908077", "level": "ERROR", "logger": "app.models.recommendation", "message": "Failed to initialize recommendation engine: maximum recursion depth exceeded"}
{"timestamp": "2026-06-29T04:32:31.910063", "level": "ERROR", "logger": "app.models.recommendation", "message": "Failed to initialize recommendation engine: maximum recursion depth exceeded"}
{"timestamp": "2026-06-29T04:32:31.911240", "level": "ERROR", "logger": "app.models.recommendation", "message": "Failed to initialize recommendation engine: maximum recursion depth exceeded"}
{"timestamp": "2026-06-29T04:32:31.912243", "level": "ERROR", "logger": "app.models.recommendation", "message": "Failed to initialize recommendation engine: maximum recursion depth exceeded"}
{"timestamp": "2026-06-29T04:32:31.913504", "level": "ERROR", "logger": "app.models.recommendation", "message": "Failed to initialize recommendation engine: maximum recursion depth exceeded"}
{"timestamp": "2026-06-29T04:32:31.914501", "level": "ERROR", "logger": "app.models.recommendation", "message": "Failed to initialize recommendation engine: maximum recursion depth exceeded"}
{"timestamp": "2026-06-29T04:32:31.915547", "level": "ERROR", "logger": "app.models.recommendation", "message": "Failed to initialize recommendation engine: maximum recursion depth exceeded"}
{"timestamp": "2026-06-29T04:32:31.916808", "level": "ERROR", "logger": "app.models.recommendation", "message": "Failed to initialize recommendation engine: maximum recursion depth exceeded"}
{"timestamp": "2026-06-29T04:32:31.916808", "level": "ERROR", "logger": "app.models.recommendation", "message": "Failed to initialize recommendation engine: maximum recursion depth exceeded"}
{"timestamp": "2026-06-29T04:32:31.918162", "level": "ERROR", "logger": "app.models.recommendation", "message": "Failed to initialize recommendation engine: maximum recursion depth exceeded"}
{"timestamp": "2026-06-29T04:32:31.919455", "level": "ERROR", "logger": "app.models.recommendation", "message": "Failed to initialize recommendation engine: maximum recursion depth exceeded"}
{"timestamp": "2026-06-29T04:32:31.920454", "level": "ERROR", "logger": "app.models.recommendation", "message": "Failed to initialize recommendation engine: maximum recursion depth exceeded"}
{"timestamp": "2026-06-29T04:32:31.921774", "level": "ERROR", "logger": "app.models.recommendation", "message": "Failed to initialize recommendation engine: maximum recursion depth exceeded"}
{"timestamp": "2026-06-29T04:32:31.922827", "level": "ERROR", "logger": "app.models.recommendation", "message": "Failed to initialize recommendation engine: maximum recursion depth exceeded"}
{"timestamp": "2026-06-29T04:32:31.924292", "level": "ERROR", "logger": "app.models.recommendation", "message": "Failed to initialize recommendation engine: maximum recursion depth exceeded"}
{"timestamp": "2026-06-29T04:32:31.925760", "level": "ERROR", "logger": "app.models.recommendation", "message": "Failed to initialize recommendation engine: maximum recursion depth exceeded"}
{"timestamp": "2026-06-29T04:32:31.926795", "level": "ERROR", "logger": "app.models.recommendation", "message": "Failed to initialize recommendation engine: maximum recursion depth exceeded"}
{"timestamp": "2026-06-29T04:32:31.927951", "level": "ERROR", "logger": "app.models.recommendation", "message": "Failed to initialize recommendation engine: maximum recursion depth exceeded"}
{"timestamp": "2026-06-29T04:32:31.928458", "level": "ERROR", "logger": "app.models.recommendation", "message": "Failed to initialize recommendation engine: maximum recursion depth exceeded"}
{"timestamp": "2026-06-29T04:32:31.929719", "level": "ERROR", "logger": "app.models.recommendation", "message": "Failed to initialize recommendation engine: maximum recursion depth exceeded"}
{"timestamp": "2026-06-29T04:32:31.930787", "level": "ERROR", "logger": "app.models.recommendation", "message": "Failed to initialize recommendation engine: maximum recursion depth exceeded"}
{"timestamp": "2026-06-29T04:32:31.930787", "level": "ERROR", "logger": "app.models.recommendation", "message": "Failed to initialize recommendation engine: maximum recursion depth exceeded"}
{"timestamp": "2026-06-29T04:32:31.932219", "level": "ERROR", "logger": "app.api.product_recommendation", "message": "Error getting popular products: maximum recursion depth exceeded"}
{"timestamp": "2026-06-29T04:32:31.935071", "level": "INFO", "logger": "app.main", "message": "Request processed in 1.8243 seconds: GET /api/recommendations/products/popular"}
{"timestamp": "2026-06-29T04:32:31.955726", "level": "INFO", "logger": "app.main", "message": "Request processed in 0.0098 seconds: GET /api/recipes/popular"}
{"timestamp": "2026-06-29T04:32:32.039190", "level": "INFO", "logger": "app.main", "message": "Request processed in 0.0424 seconds: GET /api/user-behavior/search-trends"}
{"timestamp": "2026-06-29T04:41:09.849603", "level": "INFO", "logger": "kitchen_ai", "message": "Logging initialized with level INFO"}
{"timestamp": "2026-06-29T04:41:21.222688", "level": "INFO", "logger": "kitchen_ai", "message": "Logging initialized with level INFO"}
{"timestamp": "2026-06-29T04:41:21.949786", "level": "INFO", "logger": "app.main", "message": "Request processed in 0.0046 seconds: GET /health"}
{"timestamp": "2026-06-29T04:41:22.086602", "level": "INFO", "logger": "app.utils.db_connector", "message": "Connected to MongoDB database: kitchen_ecommerce"}
{"timestamp": "2026-06-29T04:41:22.090608", "level": "WARNING", "logger": "app.models.chat_model", "message": "torch/transformers not available \u2014 using rule-based fallback only"}
{"timestamp": "2026-06-29T04:41:22.094585", "level": "INFO", "logger": "app.models.chat_model", "message": "Chat model initialized successfully"}
{"timestamp": "2026-06-29T04:41:22.103963", "level": "ERROR", "logger": "app.api.chat", "message": "Error processing chat message: 'NoneType' object has no attribute 'random'"}
{"timestamp": "2026-06-29T04:41:22.106089", "level": "INFO", "logger": "app.main", "message": "Request processed in 0.1080 seconds: POST /api/chat/message"}
{"timestamp": "2026-06-29T04:41:22.117603", "level": "WARNING", "logger": "app.models.product_embedding", "message": "torch/transformers not available \u2014 embedding model using fallback"}
{"timestamp": "2026-06-29T04:41:22.119059", "level": "INFO", "logger": "app.models.product_embedding", "message": "Product embedding model initialized successfully"}
{"timestamp": "2026-06-29T04:41:22.121085", "level": "INFO", "logger": "app.models.recommendation", "message": "No cached product embeddings found, starting with empty embeddings"}
{"timestamp": "2026-06-29T04:41:22.122129", "level": "INFO", "logger": "app.models.recommendation", "message": "No cached user embeddings found, starting with empty embeddings"}
{"timestamp": "2026-06-29T04:41:22.124152", "level": "INFO", "logger": "app.models.recommendation", "message": "Recommendation engine initialized successfully"}
{"timestamp": "2026-06-29T04:41:22.143587", "level": "INFO", "logger": "app.main", "message": "Request processed in 0.0309 seconds: GET /api/recommendations/products/popular"}
{"timestamp": "2026-06-29T04:41:22.184029", "level": "INFO", "logger": "app.main", "message": "Request processed in 0.0093 seconds: GET /api/recipes/popular"}
{"timestamp": "2026-06-29T04:41:22.223329", "level": "INFO", "logger": "app.main", "message": "Request processed in 0.0094 seconds: GET /api/user-behavior/search-trends"}
{"timestamp": "2026-06-29T05:54:57.220051", "level": "INFO", "logger": "kitchen_ai", "message": "Logging initialized with level INFO"}
{"timestamp": "2026-06-29T05:55:00.234487", "level": "WARNING", "logger": "dotenv.main", "message": "python-dotenv could not parse statement starting at line 3"}
{"timestamp": "2026-06-29T05:55:09.209255", "level": "INFO", "logger": "kitchen_ai", "message": "Logging initialized with level INFO"}
{"timestamp": "2026-06-29T05:55:09.792735", "level": "INFO", "logger": "app.main", "message": "Request processed in 0.0134 seconds: GET /health"}
{"timestamp": "2026-06-29T05:55:09.951728", "level": "INFO", "logger": "app.utils.db_connector", "message": "Connected to MongoDB database: kitchen_ecommerce"}
{"timestamp": "2026-06-29T05:55:09.956493", "level": "WARNING", "logger": "app.models.chat_model", "message": "torch/transformers not available \u2014 using rule-based fallback only"}
{"timestamp": "2026-06-29T05:55:09.961033", "level": "INFO", "logger": "app.models.chat_model", "message": "Chat model initialized successfully"}
{"timestamp": "2026-06-29T05:55:10.098610", "level": "INFO", "logger": "app.main", "message": "Request processed in 0.2324 seconds: POST /api/chat/message"}
{"timestamp": "2026-06-29T05:55:10.133424", "level": "WARNING", "logger": "app.models.product_embedding", "message": "torch/transformers not available \u2014 embedding model using fallback"}
{"timestamp": "2026-06-29T05:55:10.134679", "level": "INFO", "logger": "app.models.product_embedding", "message": "Product embedding model initialized successfully"}
{"timestamp": "2026-06-29T05:55:10.135690", "level": "INFO", "logger": "app.models.recommendation", "message": "No cached product embeddings found, starting with empty embeddings"}
{"timestamp": "2026-06-29T05:55:10.137972", "level": "INFO", "logger": "app.models.recommendation", "message": "No cached user embeddings found, starting with empty embeddings"}
{"timestamp": "2026-06-29T05:55:10.137972", "level": "INFO", "logger": "app.models.recommendation", "message": "Recommendation engine initialized successfully"}
{"timestamp": "2026-06-29T05:55:10.148811", "level": "INFO", "logger": "app.main", "message": "Request processed in 0.0241 seconds: GET /api/recommendations/products/popular"}
{"timestamp": "2026-06-29T05:55:10.176607", "level": "INFO", "logger": "app.main", "message": "Request processed in 0.0057 seconds: GET /api/recipes/popular"}
{"timestamp": "2026-06-29T06:39:15.694149", "level": "INFO", "logger": "app.main", "message": "Request processed in 0.7204 seconds: POST /api/chat/message"}
{"timestamp": "2026-06-29T06:40:42.895380", "level": "INFO", "logger": "app.main", "message": "Request processed in 0.0865 seconds: POST /api/chat/message"}
{"timestamp": "2026-06-29T06:41:33.745320", "level": "INFO", "logger": "app.main", "message": "Request processed in 0.0358 seconds: POST /api/chat/message"}
{"timestamp": "2026-06-29T06:42:04.997852", "level": "INFO", "logger": "app.main", "message": "Request processed in 0.0064 seconds: POST /api/chat/message"}
{"timestamp": "2026-06-29T06:42:07.298102", "level": "INFO", "logger": "app.main", "message": "Request processed in 0.1255 seconds: GET /health"}
{"timestamp": "2026-06-29T06:42:07.378207", "level": "INFO", "logger": "app.main", "message": "Request processed in 0.0079 seconds: POST /api/chat/message"}
{"timestamp": "2026-06-29T06:42:07.425104", "level": "INFO", "logger": "app.main", "message": "Request processed in 0.0344 seconds: GET /api/recommendations/products/popular"}
{"timestamp": "2026-06-29T06:42:07.447142", "level": "INFO", "logger": "app.main", "message": "Request processed in 0.0096 seconds: GET /api/recipes/popular"}
{"timestamp": "2026-06-29T06:42:07.701300", "level": "ERROR", "logger": "app.api.user_behavior", "message": "Error logging user activity: 'u1' is not a valid ObjectId, it must be a 12-byte input or a 24-character hex string"}
{"timestamp": "2026-06-29T06:42:07.707967", "level": "INFO", "logger": "app.main", "message": "Request processed in 0.2459 seconds: POST /api/user-behavior/log-activity"}
{"timestamp": "2026-06-29T06:47:57.704026", "level": "INFO", "logger": "app.main", "message": "Request processed in 0.0265 seconds: GET /health"}
